replication,seed,variant,geometry,calibration,coverage,mean_width,low_coverage,high_coverage,width_ratio,coverage_imbalance,coverage_error,width_ratio_error_vs_oracle,winkler,ramp_coverage_diag,ramp_mean_width_diag,low_mean_width,high_mean_width,q,q_A,q_R,q_OA,q_OR,q_A_block,q_R_block,quantile_crossing_frac_diag,spearman_s_sigma_test_diag,spearman_s_sigma_d2_diag,d2_raw_coverage_diag,final_train_pinball,d1_val_pinball,elapsed_s
0,1000,M0 Raw Quantile,M0,none,0.6641666666666667,1.3703448982878277,0.986,0.32,0.9603516326256586,0.6659999999999999,0.23583333333333334,4.039648367374341,6.739973414064966,0.72,1.2834726861864327,1.4157861453145741,1.3596525361016392,0.9472363528283676,1.1204278928460334,2.2423019774199595,0.9550627189137344,2.069543332488134,5.782514128754215,7.955085761257716,0.0,0.2926532348744199,0.3290758181193705,0.6833333333333333,0.19480176270008087,0.1943902224302292,9.470370600000024
0,1000,M1 Standard CQR,M1,C0,0.8845833333333334,3.2648176039445627,1.0,0.733,0.983042531795825,0.267,0.015416666666666634,4.016957468204175,4.536967873751388,0.975,3.1779453918431684,3.3102588509713105,3.2541252417583757,0.9472363528283676,1.1204278928460334,2.2423019774199595,0.9550627189137344,2.069543332488134,5.782514128754215,7.955085761257716,0.0,0.2926532348744199,0.3290758181193705,0.6833333333333333,0.19480176270008087,0.1943902224302292,9.470958699996118
0,1000,C0-M2 Scaled Additive,M2,C0,0.88625,3.1306990997825466,1.0,0.761,1.1758092640320463,0.239,0.01375000000000004,3.824190735967954,4.191845210308328,0.915,2.7591615464578307,2.946036367643929,3.4639768532510513,0.9472363528283676,1.1204278928460334,2.2423019774199595,0.9550627189137344,2.069543332488134,5.782514128754215,7.955085761257716,0.0,0.2926532348744199,0.3290758181193705,0.6833333333333333,0.19480176270008087,0.1943902224302292,9.471563800005242
0,1000,C1-M2 Scaled Additive (block),M2,C1,0.9995833333333334,10.455510580747207,1.0,1.0,1.312094317320623,0.0,0.09958333333333336,3.687905682679377,10.456142057121356,0.9975,8.899484157026505,9.313388112962786,12.220043618019911,0.9472363528283676,1.1204278928460334,2.2423019774199595,0.9550627189137344,2.069543332488134,5.782514128754215,7.955085761257716,0.0,0.2926532348744199,0.3290758181193705,0.6833333333333333,0.19480176270008087,0.1943902224302292,9.472115300013684
0,1000,C0-M3 Replacement,M3,C0,0.9016666666666666,3.522980579271927,0.991,0.841,1.3751504730685147,0.15000000000000002,0.0016666666666665941,3.6248495269314853,4.425828297876663,0.83,2.9532824651821374,3.0624756143481373,4.211364789831631,0.9472363528283676,1.1204278928460334,2.2423019774199595,0.9550627189137344,2.069543332488134,5.782514128754215,7.955085761257716,0.0,0.2926532348744199,0.3290758181193705,0.6833333333333333,0.19480176270008087,0.1943902224302292,9.472661199979484
0,1000,C1-M3 Replacement (block),M3,C1,0.9995833333333334,12.498589808853678,1.0,1.0,1.375150473068515,0.0,0.09958333333333336,3.6248495269314853,12.500345017467623,0.9975,10.47745376150217,10.864841756029476,14.940792280618487,0.9472363528283676,1.1204278928460334,2.2423019774199595,0.9550627189137344,2.069543332488134,5.782514128754215,7.955085761257716,0.0,0.2926532348744199,0.3290758181193705,0.6833333333333333,0.19480176270008087,0.1943902224302292,9.473204799985979
0,1000,Oracle Additive (C0),OA,C0,0.8804166666666666,2.516420160984309,0.999,0.737,1.8187548915750003,0.262,0.019583333333333397,3.1812451084249997,3.7868858823342135,0.9425,2.4295479488829144,1.7978112328800688,3.269777973929107,0.9472363528283676,1.1204278928460334,2.2423019774199595,0.9550627189137344,2.069543332488134,5.782514128754215,7.955085761257716,0.0,0.2926532348744199,0.3290758181193705,0.6833333333333333,0.19480176270008087,0.1943902224302292,9.473776099970564
0,1000,Oracle Replacement (C0),OR,C0,0.8808333333333334,2.483451998985761,0.874,0.856,4.999999999999999,0.018000000000000016,0.019166666666666665,8.881784197001252e-16,3.1362484097877408,0.96,2.4834519989857604,0.8278173329952538,4.1390866649762685,0.9472363528283676,1.1204278928460334,2.2423019774199595,0.9550627189137344,2.069543332488134,5.782514128754215,7.955085761257716,0.0,0.2926532348744199,0.3290758181193705,0.6833333333333333,0.19480176270008087,0.1943902224302292,9.474310000019614
1,1001,M0 Raw Quantile,M0,none,0.6729166666666667,1.4113643238445124,0.966,0.385,0.9428731578056561,0.581,0.2270833333333333,4.057126842194344,6.374913859009462,0.66,1.4123495545983316,1.45266022336483,1.369674332022667,0.9661843961910976,1.1910231587082016,2.7067351685100354,1.052751404071957,2.7253730565206373,6.742520122120693,10.114899486577729,0.0,0.3019602634082137,0.262766321157124,0.675,0.1943117082118988,0.18898718059062958,9.281248999992386
1,1001,M1 Standard CQR,M1,C0,0.89875,3.3437331162267077,1.0,0.776,0.9754844372216259,0.22399999999999998,0.0012499999999999734,4.024515562778374,4.573723384371775,0.9525,3.344718346980526,3.385029015747025,3.302043124404861,0.9661843961910976,1.1910231587082016,2.7067351685100354,1.052751404071957,2.7253730565206373,6.742520122120693,10.114899486577729,0.0,0.3019602634082137,0.262766321157124,0.675,0.1943117082118988,0.18898718059062958,9.282019200036302
1,1001,C0-M2 Scaled Additive,M2,C0,0.90375,3.2604872946518784,0.999,0.823,1.1768723986544014,0.17600000000000005,0.003750000000000031,3.8231276013455986,4.249169956131205,0.8675,2.9914191105298893,3.0450116722734486,3.5835901906791032,0.9661843961910976,1.1910231587082016,2.7067351685100354,1.052751404071957,2.7253730565206373,6.742520122120693,10.114899486577729,0.0,0.3019602634082137,0.262766321157124,0.675,0.1943117082118988,0.18898718059062958,9.282636100018863
1,1001,C1-M2 Scaled Additive (block),M2,C1,0.9995833333333334,11.879463745577784,1.0,0.999,1.3282424991433037,0.0010000000000000009,0.09958333333333336,3.671757500856696,11.880875740286326,1.0,10.351645299816655,10.467146303886809,13.90290856557321,0.9661843961910976,1.1910231587082016,2.7067351685100354,1.052751404071957,2.7253730565206373,6.742520122120693,10.114899486577729,0.0,0.3019602634082137,0.262766321157124,0.675,0.1943117082118988,0.18898718059062958,9.283245600003283
1,1001,C0-M3 Replacement,M3,C0,0.8916666666666667,4.202341608044491,0.916,0.923,1.3903437335858435,0.007000000000000006,0.008333333333333304,3.6096562664141567,4.979141113573359,0.7525,3.5886146035978324,3.618799211313093,5.031374806554552,0.9661843961910976,1.1910231587082016,2.7067351685100354,1.052751404071957,2.7253730565206373,6.742520122120693,10.114899486577729,0.0,0.3019602634082137,0.262766321157124,0.675,0.1943117082118988,0.18898718059062958,9.283893199986778
1,1001,C1-M3 Replacement (block),M3,C1,0.9991666666666666,15.703886907056255,1.0,0.999,1.3903437335858435,0.0010000000000000009,0.09916666666666663,3.6096562664141567,15.704395824858603,0.9975,13.410427600657407,13.523225585711005,18.801931950961045,0.9661843961910976,1.1910231587082016,2.7067351685100354,1.052751404071957,2.7253730565206373,6.742520122120693,10.114899486577729,0.0,0.3019602634082137,0.262766321157124,0.675,0.1943117082118988,0.18898718059062958,9.284515400009695
1,1001,Oracle Additive (C0),OA,C0,0.9016666666666666,2.6746660087308607,0.997,0.795,1.8546535758450218,0.20199999999999996,0.0016666666666665941,3.1453464241549782,3.7550002027819014,0.93,2.67565123948468,1.8737607849936133,3.47517714016658,0.9661843961910976,1.1910231587082016,2.7067351685100354,1.052751404071957,2.7253730565206373,6.742520122120693,10.114899486577729,0.0,0.3019602634082137,0.262766321157124,0.675,0.1943117082118988,0.18898718059062958,9.285143000015523
1,1001,Oracle Replacement (C0),OR,C0,0.8979166666666667,3.2704476678247647,0.819,0.96,5.000000000000001,0.14100000000000001,0.002083333333333326,8.881784197001252e-16,3.594961974184248,0.94,3.2704476678247647,1.090149222608255,5.4507461130412755,0.9661843961910976,1.1910231587082016,2.7067351685100354,1.052751404071957,2.7253730565206373,6.742520122120693,10.114899486577729,0.0,0.3019602634082137,0.262766321157124,0.675,0.1943117082118988,0.18898718059062958,9.285816200019326
2,1002,M0 Raw Quantile,M0,none,0.7570833333333333,1.7708947441354395,0.999,0.482,1.117315563054207,0.517,0.1429166666666667,3.8826844369457927,5.536459301241597,0.84,1.743710011318326,1.677909256130457,1.8747541252672673,0.8217428934606419,0.8840250684696271,2.4299965626722804,0.8355581031613522,2.2331268888145797,7.608390113787513,11.661479530077658,0.0,0.31124440114197793,0.3397608587355166,0.7558333333333334,0.18836478888988495,0.179740309715271,9.515967799990904
2,1002,M1 Standard CQR,M1,C0,0.9095833333333333,3.414380531056722,1.0,0.789,1.0592657201523208,0.21099999999999997,0.009583333333333277,3.940734279847679,4.534123458770914,0.985,3.387195798239609,3.3213950430517394,3.5182399121885495,0.8217428934606419,0.8840250684696271,2.4299965626722804,0.8355581031613522,2.2331268888145797,7.608390113787513,11.661479530077658,0.0,0.31124440114197793,0.3397608587355166,0.7558333333333334,0.18836478888988495,0.179740309715271,9.516594799992163
2,1002,C0-M2 Scaled Additive,M2,C0,0.9066666666666666,3.1501587521100474,1.0,0.793,1.2385495320370659,0.20699999999999996,0.006666666666666599,3.761450467962934,4.1909109105897615,0.9575,2.919077774580811,2.8557553914897866,3.5369945037420027,0.8217428934606419,0.8840250684696271,2.4299965626722804,0.8355581031613522,2.2331268888145797,7.608390113787513,11.661479530077658,0.0,0.31124440114197793,0.3397608587355166,0.7558333333333334,0.18836478888988495,0.179740309715271,9.517235399980564
2,1002,C1-M2 Scaled Additive (block),M2,C1,1.0,13.64157467942677,1.0,1.0,1.36951078908648,0.0,0.09999999999999998,3.6304892109135203,13.64157467942677,1.0,11.859550374931361,11.815079808708116,16.18087927194359,0.8217428934606419,0.8840250684696271,2.4299965626722804,0.8355581031613522,2.2331268888145797,7.608390113787513,11.661479530077658,0.0,0.31124440114197793,0.3397608587355166,0.7558333333333334,0.18836478888988495,0.179740309715271,9.517832699988503
2,1002,C0-M3 Replacement,M3,C0,0.8966666666666666,3.791302891667989,0.952,0.872,1.4112542619733854,0.07999999999999996,0.0033333333333334103,3.5887457380266143,4.657964796948267,0.82,3.2308355571273877,3.2376480739791798,4.56914464317304,0.8217428934606419,0.8840250684696271,2.4299965626722804,0.8355581031613522,2.2331268888145797,7.608390113787513,11.661479530077658,0.0,0.31124440114197793,0.3397608587355166,0.7558333333333334,0.18836478888988495,0.179740309715271,9.518482399987988
2,1002,C1-M3 Replacement (block),M3,C1,1.0,18.19434716191125,1.0,1.0,1.4112542619733857,0.0,0.09999999999999998,3.5887457380266143,18.19434716191125,1.0,15.504681485250835,15.537374546235299,21.927186048251365,0.8217428934606419,0.8840250684696271,2.4299965626722804,0.8355581031613522,2.2331268888145797,7.608390113787513,11.661479530077658,0.0,0.31124440114197793,0.3397608587355166,0.7558333333333334,0.18836478888988495,0.179740309715271,9.519110099994577
2,1002,Oracle Additive (C0),OA,C0,0.9095833333333333,2.773564467929062,1.0,0.794,1.7622449496644104,0.20599999999999996,0.009583333333333277,3.23775505033559,3.8750924500827653,0.9725,2.746379735111949,2.0121324973949983,3.545870331589973,0.8217428934606419,0.8840250684696271,2.4299965626722804,0.8355581031613522,2.2331268888145797,7.608390113787513,11.661479530077658,0.0,0.31124440114197793,0.3397608587355166,0.7558333333333334,0.18836478888988495,0.179740309715271,9.519712599983905
2,1002,Oracle Replacement (C0),OR,C0,0.895,2.6797522665774953,0.871,0.896,5.000000000000001,0.025000000000000022,0.0050000000000000044,8.881784197001252e-16,3.293228997931786,0.9525,2.6797522665774953,0.8932507555258321,4.466253777629161,0.8217428934606419,0.8840250684696271,2.4299965626722804,0.8355581031613522,2.2331268888145797,7.608390113787513,11.661479530077658,0.0,0.31124440114197793,0.3397608587355166,0.7558333333333334,0.18836478888988495,0.179740309715271,9.520307099970523
3,1003,M0 Raw Quantile,M0,none,0.6545833333333333,1.1141387007478625,0.988,0.312,0.9619023868375862,0.6759999999999999,0.24541666666666673,4.038097613162414,6.775214769314639,0.6775,1.1013431771844626,1.1383826361112297,1.0950129748098552,1.1199110584250829,1.3611304035723684,2.3093166157051694,1.143744933781789,2.0092619498359703,5.405499793850748,7.715391701922256,0.0,0.27705574174880804,0.31346321307656844,0.6379166666666667,0.20548224449157715,0.19703464210033417,9.883346599992365
3,1003,M1 Standard CQR,M1,C0,0.9016666666666666,3.353960817598028,1.0,0.774,0.9871619204657872,0.22599999999999998,0.0016666666666665941,4.0128380795342125,4.617065704675411,0.975,3.341165294034628,3.378204752961394,3.33483509166002,1.1199110584250829,1.3611304035723684,2.3093166157051694,1.143744933781789,2.0092619498359703,5.405499793850748,7.715391701922256,0.0,0.27705574174880804,0.31346321307656844,0.6379166666666667,0.20548224449157715,0.19703464210033417,9.88395920000039
3,1003,C0-M2 Scaled Additive,M2,C0,0.9116666666666666,3.1903408132747546,1.0,0.809,1.2016766461863158,0.19099999999999995,0.011666666666666603,3.798323353813684,4.184070702633996,0.9475,2.889700188157924,2.9527214579202576,3.548216418675984,1.1199110584250829,1.3611304035723684,2.3093166157051694,1.143744933781789,2.0092619498359703,5.405499793850748,7.715391701922256,0.0,0.27705574174880804,0.31346321307656844,0.6379166666666667,0.20548224449157715,0.19703464210033417,9.884598100034054
3,1003,C1-M2 Scaled Additive (block),M2,C1,0.9991666666666666,9.359425163970933,1.0,0.999,1.2988801706251123,0.0010000000000000009,0.09916666666666663,3.7011198293748877,9.363073636076628,0.9975,8.203501375088983,8.343723212975856,10.83749663051879,1.1199110584250829,1.3611304035723684,2.3093166157051694,1.143744933781789,2.0092619498359703,5.405499793850748,7.715391701922256,0.0,0.27705574174880804,0.31346321307656844,0.6379166666666667,0.20548224449157715,0.19703464210033417,9.885190900007728
3,1003,C0-M3 Replacement,M3,C0,0.89875,3.522519240946194,0.983,0.845,1.3521197994430312,0.138,0.0012499999999999734,3.647880200556969,4.422797945391817,0.8225,3.0341564257287335,3.0782376006927263,4.162146007286647,1.1199110584250829,1.3611304035723684,2.3093166157051694,1.143744933781789,2.0092619498359703,5.405499793850748,7.715391701922256,0.0,0.27705574174880804,0.31346321307656844,0.6379166666666667,0.20548224449157715,0.19703464210033417,9.885778700001538
3,1003,C1-M3 Replacement (block),M3,C1,0.99875,11.768683227162782,1.0,0.999,1.3521197994430314,0.0010000000000000009,0.09875,3.6478802005569686,11.773188375366928,0.995,10.1370704866527,10.284345021991507,13.905666528538095,1.1199110584250829,1.3611304035723684,2.3093166157051694,1.143744933781789,2.0092619498359703,5.405499793850748,7.715391701922256,0.0,0.27705574174880804,0.31346321307656844,0.6379166666666667,0.20548224449157715,0.19703464210033417,9.886600100027863
3,1003,Oracle Additive (C0),OA,C0,0.9,2.48663262128601,1.0,0.776,2.1195212360970346,0.22399999999999998,0.0,2.8804787639029654,3.718717701241005,0.96,2.47383709772261,1.5958806096239455,3.382502842373434,1.1199110584250829,1.3611304035723684,2.3093166157051694,1.143744933781789,2.0092619498359703,5.405499793850748,7.715391701922256,0.0,0.27705574174880804,0.31346321307656844,0.6379166666666667,0.20548224449157715,0.19703464210033417,9.887306999997236
3,1003,Oracle Replacement (C0),OR,C0,0.89375,2.4111143398031647,0.911,0.855,4.999999999999998,0.05600000000000005,0.006249999999999978,1.7763568394002505e-15,3.1582422120314426,0.9475,2.4111143398031643,0.8037047799343884,4.018523899671941,1.1199110584250829,1.3611304035723684,2.3093166157051694,1.143744933781789,2.0092619498359703,5.405499793850748,7.715391701922256,0.0,0.27705574174880804,0.31346321307656844,0.6379166666666667,0.20548224449157715,0.19703464210033417,9.887898700020742
4,1004,M0 Raw Quantile,M0,none,0.5808333333333333,0.9249607590632514,0.963,0.198,0.5940655514564562,0.7649999999999999,0.3191666666666667,4.405934448543544,8.105551333227028,0.5825,0.9505675793066621,1.1540797606147826,0.6855990294143558,1.3425795951951085,1.5629692142784357,2.1732475154736703,1.3782491830937453,2.2009813266172666,7.310163833513756,9.036927733213147,0.0,0.3366048380794706,0.34378851318663917,0.5841666666666666,0.23613423109054565,0.2181340903043747,9.428863100009039
4,1004,M1 Standard CQR,M1,C0,0.9033333333333333,3.610119949453468,1.0,0.776,0.8779756255916834,0.22399999999999998,0.0033333333333332993,4.1220243744083165,4.6805639373530825,0.98,3.635726769696879,3.8392389510049987,3.3707582198045722,1.3425795951951085,1.5629692142784357,2.1732475154736703,1.3782491830937453,2.2009813266172666,7.310163833513756,9.036927733213147,0.0,0.3366048380794706,0.34378851318663917,0.5841666666666666,0.23613423109054565,0.2181340903043747,9.429060599999502
4,1004,C0-M2 Scaled Additive,M2,C0,0.90625,3.305608998599707,1.0,0.811,1.1166682588721957,0.18899999999999995,0.006249999999999978,3.8833317411278045,4.205456472799916,0.91,2.9388224936152256,3.1927216609720275,3.5652109382211785,1.3425795951951085,1.5629692142784357,2.1732475154736703,1.3782491830937453,2.2009813266172666,7.310163833513756,9.036927733213147,0.0,0.3366048380794706,0.34378851318663917,0.5841666666666666,0.23613423109054565,0.2181340903043747,9.4292531000101
4,1004,C1-M2 Scaled Additive (block),M2,C1,0.9991666666666666,12.05949143439192,1.0,1.0,1.3241478466474392,0.0,0.09916666666666663,3.6758521533525608,12.061515169934854,0.995,10.24983530230815,10.689012472873838,14.153832848743512,1.3425795951951085,1.5629692142784357,2.1732475154736703,1.3782491830937453,2.2009813266172666,7.310163833513756,9.036927733213147,0.0,0.3366048380794706,0.34378851318663917,0.5841666666666666,0.23613423109054565,0.2181340903043747,9.4294619000284
4,1004,C0-M3 Replacement,M3,C0,0.8883333333333333,3.310198194900397,0.974,0.84,1.412514825827041,0.134,0.011666666666666714,3.5874851741729588,4.272099123434635,0.795,2.764590635039623,2.834651766917424,4.003987646827679,1.3425795951951085,1.5629692142784357,2.1732475154736703,1.3782491830937453,2.2009813266172666,7.310163833513756,9.036927733213147,0.0,0.3366048380794706,0.34378851318663917,0.5841666666666666,0.23613423109054565,0.2181340903043747,9.430301400017925
4,1004,C1-M3 Replacement (block),M3,C1,0.9991666666666666,13.764664014079218,1.0,1.0,1.4125148258270415,0.0,0.09916666666666663,3.5874851741729588,13.768423260913266,0.995,11.495886042840205,11.787218429592663,16.649620787061373,1.3425795951951085,1.5629692142784357,2.1732475154736703,1.3782491830937453,2.2009813266172666,7.310163833513756,9.036927733213147,0.0,0.3366048380794706,0.34378851318663917,0.5841666666666666,0.23613423109054565,0.2181340903043747,9.430916600045748
4,1004,Oracle Additive (C0),OA,C0,0.9058333333333334,2.5788597787757452,0.999,0.789,2.018376278777149,0.20999999999999996,0.005833333333333357,2.981623721222851,3.6056251436012765,0.965,2.604466599019156,1.7053794338522807,3.4420973956018472,1.3425795951951085,1.5629692142784357,2.1732475154736703,1.3782491830937453,2.2009813266172666,7.310163833513756,9.036927733213147,0.0,0.3366048380794706,0.34378851318663917,0.5841666666666666,0.23613423109054565,0.2181340903043747,9.43155050004134
4,1004,Oracle Replacement (C0),OR,C0,0.9116666666666666,2.6411775919407203,0.906,0.903,5.0,0.0030000000000000027,0.011666666666666603,0.0,3.0909574368958688,0.9475,2.64117759194072,0.8803925306469066,4.401962653234533,1.3425795951951085,1.5629692142784357,2.1732475154736703,1.3782491830937453,2.2009813266172666,7.310163833513756,9.036927733213147,0.0,0.3366048380794706,0.34378851318663917,0.5841666666666666,0.23613423109054565,0.2181340903043747,9.4321405000519
5,1005,M0 Raw Quantile,M0,none,0.7325,2.215026402808726,1.0,0.418,0.7873435258792354,0.5820000000000001,0.16749999999999998,4.212656474120765,6.898642774594621,0.85,2.206984353363514,2.480367965757847,1.9529016596376896,1.0656203148749148,0.9886216977876617,2.746978267220445,1.0656203148749148,2.811857202846463,5.249146178615348,9.441211431289886,0.0,0.30774908978616045,0.3644081844813151,0.7433333333333333,0.2203524261713028,0.23392416536808014,9.561190899985377
5,1005,M1 Standard CQR,M1,C0,0.91375,4.346267032558555,1.0,0.798,0.8856220567734264,0.20199999999999996,0.013749999999999929,4.1143779432265735,5.412432533115774,0.9875,4.338224983113342,4.611608595507674,4.084142289387518,1.0656203148749148,0.9886216977876617,2.746978267220445,1.0656203148749148,2.811857202846463,5.249146178615348,9.441211431289886,0.0,0.30774908978616045,0.3644081844813151,0.7433333333333333,0.2203524261713028,0.23392416536808014,9.561779099982232
5,1005,C0-M2 Scaled Additive,M2,C0,0.9016666666666666,3.7459337620660578,1.0,0.778,0.999642797303263,0.22199999999999998,0.0016666666666665941,4.000357202696737,4.853919238138998,0.965,3.487308212684113,3.798337260098658,3.7969804837862338,1.0656203148749148,0.9886216977876617,2.746978267220445,1.0656203148749148,2.811857202846463,5.249146178615348,9.441211431289886,0.0,0.30774908978616045,0.3644081844813151,0.7433333333333333,0.2203524261713028,0.23392416536808014,9.562326799961738
5,1005,C1-M2 Scaled Additive (block),M2,C1,1.0,10.343470814500884,1.0,1.0,1.239068873995354,0.0,0.09999999999999998,3.760931126004646,10.343470814500884,1.0,9.004940648053541,9.478204954772975,11.744148740807734,1.0656203148749148,0.9886216977876617,2.746978267220445,1.0656203148749148,2.811857202846463,5.249146178615348,9.441211431289886,0.0,0.30774908978616045,0.3644081844813151,0.7433333333333333,0.2203524261713028,0.23392416536808014,9.56286739994539
5,1005,C0-M3 Replacement,M3,C0,0.8879166666666667,4.25376992475333,0.924,0.897,1.399181932437106,0.027000000000000024,0.012083333333333335,3.6008180675628942,5.033990364694906,0.775,3.557500128135853,3.662101506086586,5.123946262067065,1.0656203148749148,0.9886216977876617,2.746978267220445,1.0656203148749148,2.811857202846463,5.249146178615348,9.441211431289886,0.0,0.30774908978616045,0.3644081844813151,0.7433333333333333,0.2203524261713028,0.23392416536808014,9.563410299946554
5,1005,C1-M3 Replacement (block),M3,C1,1.0,14.619970503186863,1.0,1.0,1.3991819324371058,0.0,0.09999999999999998,3.6008180675628942,14.619970503186863,1.0,12.226929960591528,12.586439075396576,17.61071814801528,1.0656203148749148,0.9886216977876617,2.746978267220445,1.0656203148749148,2.811857202846463,5.249146178615348,9.441211431289886,0.0,0.30774908978616045,0.3644081844813151,0.7433333333333333,0.2203524261713028,0.23392416536808014,9.563975500001106
5,1005,Oracle Additive (C0),OA,C0,0.9129166666666667,3.493770780658624,1.0,0.798,1.405119272902613,0.20199999999999996,0.012916666666666687,3.594880727097387,4.564958370825653,0.9825,3.485728731213412,2.9066160917078143,4.084142289387518,1.0656203148749148,0.9886216977876617,2.746978267220445,1.0656203148749148,2.811857202846463,5.249146178615348,9.441211431289886,0.0,0.30774908978616045,0.3644081844813151,0.7433333333333333,0.2203524261713028,0.23392416536808014,9.564518799947109
5,1005,Oracle Replacement (C0),OR,C0,0.9233333333333333,3.374228643415756,0.881,0.948,4.9999999999999964,0.06699999999999995,0.023333333333333317,3.552713678800501e-15,3.687840978002688,0.9675,3.3742286434157553,1.1247428811385856,5.623714405692924,1.0656203148749148,0.9886216977876617,2.746978267220445,1.0656203148749148,2.811857202846463,5.249146178615348,9.441211431289886,0.0,0.30774908978616045,0.3644081844813151,0.7433333333333333,0.2203524261713028,0.23392416536808014,9.565055299957749
6,1006,M0 Raw Quantile,M0,none,0.5195833333333333,1.2277817393032213,0.649,0.367,1.3288807717574609,0.28200000000000003,0.38041666666666674,3.671119228242539,6.709647755993744,0.5775,1.2468050480633974,1.0511290164738893,1.396825138628483,1.0802630706518797,1.4138704703200156,2.7619434638007756,1.3451481590333256,3.157783215176818,7.835752042331688,9.828364304516153,0.0,0.3364822414779797,0.3352378196822171,0.5216666666666666,0.21012021601200104,0.19497479498386383,9.52636389998952
6,1006,M1 Standard CQR,M1,C0,0.9145833333333333,3.388307880606981,1.0,0.815,1.107637995105864,0.18500000000000005,0.014583333333333282,3.892362004894136,4.3250622586156044,0.95,3.4073311893671576,3.21165515777765,3.5573512799322433,1.0802630706518797,1.4138704703200156,2.7619434638007756,1.3451481590333256,3.157783215176818,7.835752042331688,9.828364304516153,0.0,0.3364822414779797,0.3352378196822171,0.5216666666666666,0.21012021601200104,0.19497479498386383,9.526963799959049
6,1006,C0-M2 Scaled Additive,M2,C0,0.9079166666666667,3.4089954824207522,0.98,0.866,1.3920755966771383,0.11399999999999999,0.007916666666666683,3.607924403322862,4.276318149780998,0.8325,3.0955583045233515,2.902653179375092,4.040712656625374,1.0802630706518797,1.4138704703200156,2.7619434638007756,1.3451481590333256,3.157783215176818,7.835752042331688,9.828364304516153,0.0,0.3364822414779797,0.3352378196822171,0.5216666666666666,0.21012021601200104,0.19497479498386383,9.527515599969774
6,1006,C1-M2 Scaled Additive (block),M2,C1,0.9991666666666666,13.316194646411084,1.0,0.999,1.4187464002652859,0.0010000000000000009,0.09916666666666663,3.581253599734714,13.32568934079378,0.9975,11.492702680959423,11.312383173366921,16.04940290563591,1.0802630706518797,1.4138704703200156,2.7619434638007756,1.3451481590333256,3.157783215176818,7.835752042331688,9.828364304516153,0.0,0.3364822414779797,0.3352378196822171,0.5216666666666666,0.21012021601200104,0.19497479498386383,9.528079999960028
6,1006,C0-M3 Replacement,M3,C0,0.9004166666666666,4.260920054149182,0.917,0.93,1.4279519387174042,0.013000000000000012,0.0004166666666666208,3.5720480612825956,5.032757374383971,0.785,3.6114708384172136,3.616883701260639,5.16473609333051,1.0802630706518797,1.4138704703200156,2.7619434638007756,1.3451481590333256,3.157783215176818,7.835752042331688,9.828364304516153,0.0,0.3364822414779797,0.3352378196822171,0.5216666666666666,0.21012021601200104,0.19497479498386383,9.528648099978454
6,1006,C1-M3 Replacement (block),M3,C1,0.99875,15.162466253732697,1.0,0.999,1.4279519387174042,0.0010000000000000009,0.09875,3.5720480612825956,15.169988291924383,0.995,12.85140392636983,12.870665576238054,18.378691862172484,1.0802630706518797,1.4138704703200156,2.7619434638007756,1.3451481590333256,3.157783215176818,7.835752042331688,9.828364304516153,0.0,0.3364822414779797,0.3352378196822171,0.5216666666666666,0.21012021601200104,0.19497479498386383,9.529192899994086
6,1006,Oracle Additive (C0),OA,C0,0.9170833333333334,2.841959530143212,0.946,0.885,2.5718295987375512,0.06099999999999994,0.01708333333333334,2.4281704012624488,3.4956282559350513,0.925,2.8609828389033876,1.58918828008722,4.087121456695134,1.0802630706518797,1.4138704703200156,2.7619434638007756,1.3451481590333256,3.157783215176818,7.835752042331688,9.828364304516153,0.0,0.3364822414779797,0.3352378196822171,0.5216666666666666,0.21012021601200104,0.19497479498386383,9.529733399976976
6,1006,Oracle Replacement (C0),OR,C0,0.9108333333333334,3.7893398582121804,0.81,0.984,5.000000000000001,0.17399999999999993,0.010833333333333361,8.881784197001252e-16,4.047043650309697,0.98,3.7893398582121813,1.263113286070727,6.315566430353637,1.0802630706518797,1.4138704703200156,2.7619434638007756,1.3451481590333256,3.157783215176818,7.835752042331688,9.828364304516153,0.0,0.3364822414779797,0.3352378196822171,0.5216666666666666,0.21012021601200104,0.19497479498386383,9.530265000008512
7,1007,M0 Raw Quantile,M0,none,0.19416666666666665,0.5070704599423334,0.25,0.112,0.652199784245272,0.138,0.7058333333333333,4.347800215754728,11.72211812863679,0.26,0.4946122281718999,0.6168286803513765,0.40229553224146364,1.5379485169490799,2.310224081573819,3.3266018000839885,2.218672952199916,3.3211627980024736,8.379528022023552,9.498953753208934,0.0,0.29584331600841857,0.28899592799015145,0.18041666666666667,0.31476709246635437,0.29822203516960144,10.123217699991073
7,1007,M1 Standard CQR,M1,C0,0.8929166666666667,3.5829674938404925,1.0,0.754,0.9419038497004883,0.246,0.00708333333333333,4.058096150299511,4.892130142483308,0.9725,3.570509262070059,3.6927257142495353,3.4781925661396227,1.5379485169490799,2.310224081573819,3.3266018000839885,2.218672952199916,3.3211627980024736,8.379528022023552,9.498953753208934,0.0,0.29584331600841857,0.28899592799015145,0.18041666666666667,0.31476709246635437,0.29822203516960144,10.12391020002542
7,1007,C0-M2 Scaled Additive,M2,C0,0.8958333333333334,4.127506554365387,0.929,0.901,1.2605768045802432,0.028000000000000025,0.004166666666666652,3.7394231954197568,4.851295567262347,0.8,3.5865296571476346,3.7474523539539257,4.72395151366395,1.5379485169490799,2.310224081573819,3.3266018000839885,2.218672952199916,3.3211627980024736,8.379528022023552,9.498953753208934,0.0,0.29584331600841857,0.28899592799015145,0.18041666666666667,0.31476709246635437,0.29822203516960144,10.124520800018217
7,1007,C1-M2 Scaled Additive (block),M2,C1,0.9995833333333334,13.63893327235675,1.0,1.0,1.3429247830522555,0.0,0.09958333333333336,3.6570752169477445,13.64291016799914,0.9975,11.709458850424685,11.972068636767977,16.07758767671835,1.5379485169490799,2.310224081573819,3.3266018000839885,2.218672952199916,3.3211627980024736,8.379528022023552,9.498953753208934,0.0,0.29584331600841857,0.28899592799015145,0.18041666666666667,0.31476709246635437,0.29822203516960144,10.12527910002973
7,1007,C0-M3 Replacement,M3,C0,0.90875,5.213238544631602,0.905,0.959,1.3804456977255788,0.05399999999999994,0.008749999999999925,3.6195543022744214,5.791155681423705,0.7925,4.452199319961544,4.507934287005232,6.222958492125996,1.5379485169490799,2.310224081573819,3.3266018000839885,2.218672952199916,3.3211627980024736,8.379528022023552,9.498953753208934,0.0,0.29584331600841857,0.28899592799015145,0.18041666666666667,0.31476709246635437,0.29822203516960144,10.125918800011277
7,1007,C1-M3 Replacement (block),M3,C1,0.9991666666666666,14.886155547276973,1.0,1.0,1.3804456977255792,0.0,0.09916666666666663,3.6195543022744205,14.890943636678038,0.995,12.713044115864788,12.872192672319981,17.769362994798843,1.5379485169490799,2.310224081573819,3.3266018000839885,2.218672952199916,3.3211627980024736,8.379528022023552,9.498953753208934,0.0,0.29584331600841857,0.28899592799015145,0.18041666666666667,0.31476709246635437,0.29822203516960144,10.126511899987236
7,1007,Oracle Additive (C0),OA,C0,0.9,3.1694780025822333,0.876,0.909,3.2172095443117947,0.03300000000000003,0.0,1.7827904556882053,3.689185066650433,0.9375,3.1570197708117997,1.5042978612313431,4.839641436641297,1.5379485169490799,2.310224081573819,3.3266018000839885,2.218672952199916,3.3211627980024736,8.379528022023552,9.498953753208934,0.0,0.29584331600841857,0.28899592799015145,0.18041666666666667,0.31476709246635437,0.29822203516960144,10.127105500025209
7,1007,Oracle Replacement (C0),OR,C0,0.8966666666666666,3.985395357602968,0.788,0.985,4.999999999999999,0.19699999999999995,0.0033333333333334103,8.881784197001252e-16,4.2743504744596175,0.9475,3.985395357602968,1.3284651192009898,6.642325596004948,1.5379485169490799,2.310224081573819,3.3266018000839885,2.218672952199916,3.3211627980024736,8.379528022023552,9.498953753208934,0.0,0.29584331600841857,0.28899592799015145,0.18041666666666667,0.31476709246635437,0.29822203516960144,10.127691700006835
8,1008,M0 Raw Quantile,M0,none,0.72,1.6624927300959826,0.999,0.42,0.8932109324033086,0.579,0.18000000000000005,4.106789067596692,6.354857625618241,0.7725,1.6916544429957867,1.750106508642435,1.5632142663896085,0.8847432944232523,1.010070579507464,2.7444190321562756,0.8979892723016408,2.4962727691051327,7.361450401200324,12.808456264984304,0.0,0.2906481720915147,0.3202465162410369,0.7220833333333333,0.19464245438575745,0.20074479281902313,10.177262799988966
8,1008,M1 Standard CQR,M1,C0,0.88875,3.4319793189424868,1.0,0.751,0.9468994747187778,0.249,0.011249999999999982,4.053100525281222,4.801243212813225,0.955,3.461141031842291,3.5195930974889396,3.332700855236113,0.8847432944232523,1.010070579507464,2.7444190321562756,0.8979892723016408,2.4962727691051327,7.361450401200324,12.808456264984304,0.0,0.2906481720915147,0.3202465162410369,0.7220833333333333,0.19464245438575745,0.20074479281902313,10.177852799999528
8,1008,C0-M2 Scaled Additive,M2,C0,0.89375,3.2621477418927394,1.0,0.78,1.106696516074207,0.21999999999999997,0.006249999999999978,3.893303483925793,4.411390328709267,0.9125,3.0481438608145424,3.1375648964067153,3.4723321398100424,0.8847432944232523,1.010070579507464,2.7444190321562756,0.8979892723016408,2.4962727691051327,7.361450401200324,12.808456264984304,0.0,0.2906481720915147,0.3202465162410369,0.7220833333333333,0.19464245438575745,0.20074479281902313,10.178393699985463
8,1008,C1-M2 Scaled Additive (block),M2,C1,1.0,13.320867171727095,1.0,1.0,1.304754430824086,0.0,0.09999999999999998,3.6952455691759143,13.320867171727095,1.0,11.577824549935407,11.861980186060679,15.476971206110186,0.8847432944232523,1.010070579507464,2.7444190321562756,0.8979892723016408,2.4962727691051327,7.361450401200324,12.808456264984304,0.0,0.2906481720915147,0.3202465162410369,0.7220833333333333,0.19464245438575745,0.20074479281902313,10.178934799972922
8,1008,C0-M3 Replacement,M3,C0,0.8991666666666667,4.346353362158045,0.94,0.918,1.3759820764763577,0.02199999999999991,0.0008333333333333526,3.6240179235236423,5.0821979993768975,0.75,3.6856586566412988,3.769803103820642,5.1871815027021455,0.8847432944232523,1.010070579507464,2.7444190321562756,0.8979892723016408,2.4962727691051327,7.361450401200324,12.808456264984304,0.0,0.2906481720915147,0.3202465162410369,0.7220833333333333,0.19464245438575745,0.20074479281902313,10.179477499972563
8,1008,C1-M3 Replacement (block),M3,C1,1.0,20.284831251745516,1.0,1.0,1.3759820764763573,0.0,0.09999999999999998,3.6240179235236427,20.284831251745516,1.0,17.201308239784407,17.594018120822913,24.20905358745257,0.8847432944232523,1.010070579507464,2.7444190321562756,0.8979892723016408,2.4962727691051327,7.361450401200324,12.808456264984304,0.0,0.2906481720915147,0.3202465162410369,0.7220833333333333,0.19464245438575745,0.20074479281902313,10.180039200000465
8,1008,Oracle Additive (C0),OA,C0,0.88875,2.7400798568579514,1.0,0.755,1.5925611716626442,0.245,0.011249999999999982,3.407438828337356,4.099849850700181,0.945,2.7692415697577557,2.10930221756309,3.3591928109928886,0.8847432944232523,1.010070579507464,2.7444190321562756,0.8979892723016408,2.4962727691051327,7.361450401200324,12.808456264984304,0.0,0.2906481720915147,0.3202465162410369,0.7220833333333333,0.19464245438575745,0.20074479281902313,10.180575600010343
8,1008,Oracle Replacement (C0),OR,C0,0.89375,2.995527322926159,0.853,0.925,4.999999999999998,0.07200000000000006,0.006249999999999978,1.7763568394002505e-15,3.478889620512488,0.9175,2.995527322926159,0.9985091076420534,4.9925455382102655,0.8847432944232523,1.010070579507464,2.7444190321562756,0.8979892723016408,2.4962727691051327,7.361450401200324,12.808456264984304,0.0,0.2906481720915147,0.3202465162410369,0.7220833333333333,0.19464245438575745,0.20074479281902313,10.181105999974534
9,1009,M0 Raw Quantile,M0,none,0.7066666666666667,1.5312098154922327,0.96,0.435,0.8984650712352912,0.5249999999999999,0.19333333333333336,4.101534928764709,5.394382769819325,0.7525,1.536891300752759,1.6119058934748174,1.4482411434054374,0.8520364821633621,1.048837107086858,2.6112353686038707,0.8903810163622683,2.9306726895389184,4.581932794409537,8.63767084348038,0.0,0.3127358581989513,0.2737269196048917,0.69125,0.1811254471540451,0.18209999799728394,9.331307300017215
9,1009,M1 Standard CQR,M1,C0,0.9125,3.2352827798189567,1.0,0.805,0.9506436086936066,0.19499999999999995,0.012499999999999956,4.049356391306393,4.225291522520253,0.9625,3.2409642650794837,3.315978857801542,3.152314107732162,0.8520364821633621,1.048837107086858,2.6112353686038707,0.8903810163622683,2.9306726895389184,4.581932794409537,8.63767084348038,0.0,0.3127358581989513,0.2737269196048917,0.69125,0.1811254471540451,0.18209999799728394,9.33154410001589
9,1009,C0-M2 Scaled Additive,M2,C0,0.90875,3.110266715223871,1.0,0.822,1.1245618457328694,0.17800000000000005,0.008749999999999925,3.8754381542671306,4.018228913181571,0.8975,2.8674212942479977,2.9736350634023583,3.3440365354357344,0.8520364821633621,1.048837107086858,2.6112353686038707,0.8903810163622683,2.9306726895389184,4.581932794409537,8.63767084348038,0.0,0.3127358581989513,0.2737269196048917,0.69125,0.1811254471540451,0.18209999799728394,9.331773700017948
9,1009,C1-M2 Scaled Additive (block),M2,C1,0.99625,8.429452206262148,1.0,0.997,1.2869362060366925,0.0030000000000000027,0.09624999999999995,3.7130637939633075,8.46001394227853,0.985,7.349423075180603,7.560733884624804,9.730182180332108,0.8520364821633621,1.048837107086858,2.6112353686038707,0.8903810163622683,2.9306726895389184,4.581932794409537,8.63767084348038,0.0,0.3127358581989513,0.2737269196048917,0.69125,0.1811254471540451,0.18209999799728394,9.33204750000732
9,1009,C0-M3 Replacement,M3,C0,0.9033333333333333,3.9312960971314737,0.941,0.919,1.3921970931497147,0.02199999999999991,0.0033333333333332993,3.607802906850285,4.619720377401819,0.77,3.3125515435404247,3.3902265155840987,4.7198635001152685,0.8520364821633621,1.048837107086858,2.6112353686038707,0.8903810163622683,2.9306726895389184,4.581932794409537,8.63767084348038,0.0,0.3127358581989513,0.2737269196048917,0.69125,0.1811254471540451,0.18209999799728394,9.332280699978583
9,1009,C1-M3 Replacement (block),M3,C1,0.99875,13.004282219659274,1.0,1.0,1.3921970931497152,0.0,0.09875,3.607802906850285,13.013608012928264,0.9925,10.95754531712827,11.21448532696297,15.61277387336798,0.8520364821633621,1.048837107086858,2.6112353686038707,0.8903810163622683,2.9306726895389184,4.581932794409537,8.63767084348038,0.0,0.3127358581989513,0.2737269196048917,0.69125,0.1811254471540451,0.18209999799728394,9.332509799976833
9,1009,Oracle Additive (C0),OA,C0,0.9104166666666667,2.599667035126955,0.994,0.814,1.6407050421715716,0.18000000000000005,0.01041666666666663,3.3592949578284284,3.555506305008799,0.9425,2.6053485203874813,1.9680583000197247,3.2290031761299742,0.8520364821633621,1.048837107086858,2.6112353686038707,0.8903810163622683,2.9306726895389184,4.581932794409537,8.63767084348038,0.0,0.3127358581989513,0.2737269196048917,0.69125,0.1811254471540451,0.18209999799728394,9.332737500022631
9,1009,Oracle Replacement (C0),OR,C0,0.9008333333333334,3.5168072274467024,0.796,0.984,5.000000000000001,0.18799999999999994,0.0008333333333333526,8.881784197001252e-16,3.8264709175924834,0.955,3.5168072274467015,1.1722690758155672,5.861345379077837,0.8520364821633621,1.048837107086858,2.6112353686038707,0.8903810163622683,2.9306726895389184,4.581932794409537,8.63767084348038,0.0,0.3127358581989513,0.2737269196048917,0.69125,0.1811254471540451,0.18209999799728394,9.332963399996515
10,1010,M0 Raw Quantile,M0,none,0.5954166666666667,1.1138725729907553,0.953,0.219,0.7071261754646745,0.734,0.3045833333333333,4.2928738245353255,8.549939026687866,0.6425,1.138192023858428,1.2992697303295135,0.9187476353049279,1.2700832207065331,1.4648000976910736,2.5607198942947016,1.3233695306074291,2.571343474502311,5.38284294431253,6.980303905578889,0.0,0.3343915523195668,0.3121861035468836,0.6008333333333333,0.2389255166053772,0.25757327675819397,9.177581300027668
10,1010,M1 Standard CQR,M1,C0,0.885,3.6540390144038217,1.0,0.733,0.9008911522412728,0.267,0.015000000000000013,4.099108847758727,5.096654534184987,0.9775,3.678358465271494,3.839436171742579,3.4589140767179933,1.2700832207065331,1.4648000976910736,2.5607198942947016,1.3233695306074291,2.571343474502311,5.38284294431253,6.980303905578889,0.0,0.3343915523195668,0.3121861035468836,0.6008333333333333,0.2389255166053772,0.25757327675819397,9.178221400012262
10,1010,C0-M2 Scaled Additive,M2,C0,0.8866666666666667,3.377986001911797,0.999,0.766,1.1351049617139595,0.23299999999999998,0.013333333333333308,3.8648950382860408,4.563125902729244,0.9075,3.0589358408501925,3.224006403283527,3.6595856649647085,1.2700832207065331,1.4648000976910736,2.5607198942947016,1.3233695306074291,2.571343474502311,5.38284294431253,6.980303905578889,0.0,0.3343915523195668,0.3121861035468836,0.6008333333333333,0.2389255166053772,0.25757327675819397,9.178815599996597
10,1010,C1-M2 Scaled Additive (block),M2,C1,0.9979166666666667,9.434029716072263,1.0,0.998,1.3127562323263138,0.0020000000000000018,0.09791666666666665,3.687243767673686,9.455364842619701,0.9925,8.196535561262085,8.372286202680355,10.990770891388243,1.2700832207065331,1.4648000976910736,2.5607198942947016,1.3233695306074291,2.571343474502311,5.38284294431253,6.980303905578889,0.0,0.3343915523195668,0.3121861035468836,0.6008333333333333,0.2389255166053772,0.25757327675819397,9.179397300002165
10,1010,C0-M3 Replacement,M3,C0,0.8970833333333333,3.9580556483555425,0.946,0.88,1.4240067580014695,0.06599999999999995,0.0029166666666666785,3.5759932419985305,4.755749641797121,0.8175,3.357787121783536,3.364767313629306,4.791451393710582,1.2700832207065331,1.4648000976910736,2.5607198942947016,1.3233695306074291,2.571343474502311,5.38284294431253,6.980303905578889,0.0,0.3343915523195668,0.3121861035468836,0.6008333333333333,0.2389255166053772,0.25757327675819397,9.179975700040814
10,1010,C1-M3 Replacement (block),M3,C1,0.99625,10.789321925553468,1.0,0.999,1.4240067580014701,0.0010000000000000009,0.09624999999999995,3.57599324199853,10.820200489616907,0.98,9.153041147729176,9.172068555026348,13.061087607210299,1.2700832207065331,1.4648000976910736,2.5607198942947016,1.3233695306074291,2.571343474502311,5.38284294431253,6.980303905578889,0.0,0.3343915523195668,0.3121861035468836,0.6008333333333333,0.2389255166053772,0.25757327675819397,9.18058700003894
10,1010,Oracle Additive (C0),OA,C0,0.88875,2.70191600971967,0.999,0.751,1.9498263652791428,0.248,0.011249999999999982,3.0501736347208572,4.040457520040947,0.9575,2.726235460587343,1.828617542572485,3.5654866965197867,1.2700832207065331,1.4648000976910736,2.5607198942947016,1.3233695306074291,2.571343474502311,5.38284294431253,6.980303905578889,0.0,0.3343915523195668,0.3121861035468836,0.6008333333333333,0.2389255166053772,0.25757327675819397,9.181161799991969
10,1010,Oracle Replacement (C0),OR,C0,0.9029166666666667,3.085612169402773,0.86,0.92,5.0,0.06000000000000005,0.0029166666666666785,0.0,3.495355928766415,0.9675,3.085612169402773,1.0285373898009242,5.142686949004621,1.2700832207065331,1.4648000976910736,2.5607198942947016,1.3233695306074291,2.571343474502311,5.38284294431253,6.980303905578889,0.0,0.3343915523195668,0.3121861035468836,0.6008333333333333,0.2389255166053772,0.25757327675819397,9.18173900002148
11,1011,M0 Raw Quantile,M0,none,0.22583333333333333,0.6545190222592403,0.301,0.136,0.48322923967555104,0.16499999999999998,0.6741666666666667,4.516770760324449,10.646653679126121,0.2625,0.6644966718554497,0.8798687011897564,0.42517828349024056,1.4433010309018068,2.3025434685163932,3.5981245880900072,2.049906927927815,3.653262427473519,8.953279479514052,10.803538277634278,0.0,0.3125179673494646,0.36385927459480466,0.23541666666666666,0.2997848093509674,0.2799106538295746,9.49279899999965
11,1011,M1 Standard CQR,M1,C0,0.8995833333333333,3.541121084062854,1.0,0.774,0.8792794511596965,0.22599999999999998,0.0004166666666667318,4.120720548840303,4.649751629804107,0.9625,3.551098733659064,3.7664707629933707,3.3117803452938546,1.4433010309018068,2.3025434685163932,3.5981245880900072,2.049906927927815,3.653262427473519,8.953279479514052,10.803538277634278,0.0,0.3125179673494646,0.36385927459480466,0.23541666666666666,0.2997848093509674,0.2799106538295746,9.4934091999894
11,1011,C0-M2 Scaled Additive,M2,C0,0.9166666666666666,4.165892978675755,0.956,0.92,1.1985326350352559,0.03599999999999992,0.016666666666666607,3.8014673649647444,4.806020236795295,0.81,3.686083217141844,3.876999470525661,4.646710391439412,1.4433010309018068,2.3025434685163932,3.5981245880900072,2.049906927927815,3.653262427473519,8.953279479514052,10.803538277634278,0.0,0.3125179673494646,0.36385927459480466,0.23541666666666666,0.2997848093509674,0.2799106538295746,9.493996699980926
11,1011,C1-M2 Scaled Additive (block),M2,C1,0.9995833333333334,14.308251435459157,1.0,1.0,1.343570118019045,0.0,0.09958333333333336,3.656429881980955,14.3117493188605,0.9975,12.41372494111356,12.534002393530198,16.84031107512636,1.4433010309018068,2.3025434685163932,3.5981245880900072,2.049906927927815,3.653262427473519,8.953279479514052,10.803538277634278,0.0,0.3125179673494646,0.36385927459480466,0.23541666666666666,0.2997848093509674,0.2799106538295746,9.49457550002262
11,1011,C0-M3 Replacement,M3,C0,0.8945833333333333,5.487132444323362,0.88,0.966,1.4085244965419264,0.08599999999999997,0.005416666666666736,3.5914755034580734,6.1233248352908705,0.7525,4.721754439077818,4.683538036229634,6.596878054515308,1.4433010309018068,2.3025434685163932,3.5981245880900072,2.049906927927815,3.653262427473519,8.953279479514052,10.803538277634278,0.0,0.3125179673494646,0.36385927459480466,0.23541666666666666,0.2997848093509674,0.2799106538295746,9.495183799997903
11,1011,C1-M3 Replacement (block),M3,C1,0.9995833333333334,16.475373196614132,1.0,1.0,1.4085244965419268,0.0,0.09958333333333336,3.5914755034580734,16.478427761293997,0.9975,14.177289743945552,14.06254319726663,19.807436577029076,1.4433010309018068,2.3025434685163932,3.5981245880900072,2.049906927927815,3.653262427473519,8.953279479514052,10.803538277634278,0.0,0.3125179673494646,0.36385927459480466,0.23541666666666666,0.2997848093509674,0.2799106538295746,9.495760600024369
11,1011,Oracle Additive (C0),OA,C0,0.9033333333333333,3.114407335772618,0.88,0.914,2.662023978801348,0.03400000000000003,0.0033333333333332993,2.337976021198652,3.6048223906407064,0.935,3.124384985368828,1.6998314723608827,4.524992139345871,1.4433010309018068,2.3025434685163932,3.5981245880900072,2.049906927927815,3.653262427473519,8.953279479514052,10.803538277634278,0.0,0.3125179673494646,0.36385927459480466,0.23541666666666666,0.2997848093509674,0.2799106538295746,9.496337399992626
11,1011,Oracle Replacement (C0),OR,C0,0.8966666666666666,4.383914912968223,0.773,0.997,5.000000000000003,0.22399999999999998,0.0033333333333334103,2.6645352591003757e-15,4.68737517037788,0.955,4.383914912968223,1.4613049709894073,7.30652485494704,1.4433010309018068,2.3025434685163932,3.5981245880900072,2.049906927927815,3.653262427473519,8.953279479514052,10.803538277634278,0.0,0.3125179673494646,0.36385927459480466,0.23541666666666666,0.2997848093509674,0.2799106538295746,9.496941999997944
12,1012,M0 Raw Quantile,M0,none,0.3566666666666667,0.7461192757574221,0.447,0.252,1.2259833883053155,0.195,0.5433333333333333,3.7740166116946847,8.48592725052769,0.3925,0.769244897402823,0.6662171472832561,0.8167711555734277,1.1664465582574777,1.5906417106900177,2.7352945075769703,1.596174160402643,2.8318654333668944,11.743790699044487,13.266949945904864,0.0,0.28559208597161245,0.30501899523092035,0.35041666666666665,0.23438523709774017,0.23640865087509155,9.505758000013884
12,1012,M1 Standard CQR,M1,C0,0.885,3.0790123922723778,1.0,0.753,1.0501995575512795,0.247,0.015000000000000013,3.9498004424487205,4.359919907382113,0.9275,3.1021380139177785,2.999110263798211,3.1496642720883825,1.1664465582574777,1.5906417106900177,2.7352945075769703,1.596174160402643,2.8318654333668944,11.743790699044487,13.266949945904864,0.0,0.28559208597161245,0.30501899523092035,0.35041666666666665,0.23438523709774017,0.23640865087509155,9.506080400024075
12,1012,C0-M2 Scaled Additive,M2,C0,0.89375,3.2282928478362614,0.979,0.833,1.3217567016655356,0.14600000000000002,0.006249999999999978,3.6782432983344644,4.140737177099159,0.8325,2.8687003238671287,2.842857178155358,3.7575655271048176,1.1664465582574777,1.5906417106900177,2.7352945075769703,1.596174160402643,2.8318654333668944,11.743790699044487,13.266949945904864,0.0,0.28559208597161245,0.30501899523092035,0.35041666666666665,0.23438523709774017,0.23640865087509155,9.506382599996869
12,1012,C1-M2 Scaled Additive (block),M2,C1,1.0,19.07213619917145,1.0,1.0,1.346091346032678,0.0,0.09999999999999998,3.653908653967322,19.07213619917145,1.0,16.26963379370207,16.736464002959472,22.528809357571177,1.1664465582574777,1.5906417106900177,2.7352945075769703,1.596174160402643,2.8318654333668944,11.743790699044487,13.266949945904864,0.0,0.28559208597161245,0.30501899523092035,0.35041666666666665,0.23438523709774017,0.23640865087509155,9.506710000045132
12,1012,C0-M3 Replacement,M3,C0,0.9075,4.2683878417941745,0.95,0.913,1.3510706087460493,0.03699999999999992,0.007499999999999951,3.648929391253951,4.928122739977156,0.7875,3.6102592169668046,3.742987173921083,5.057039959598213,1.1664465582574777,1.5906417106900177,2.7352945075769703,1.596174160402643,2.8318654333668944,11.743790699044487,13.266949945904864,0.0,0.28559208597161245,0.30501899523092035,0.35041666666666665,0.23438523709774017,0.23640865087509155,9.507032900000922
12,1012,C1-M3 Replacement (block),M3,C1,1.0,20.702885078709823,1.0,1.0,1.3510706087460496,0.0,0.09999999999999998,3.6489293912539504,20.702885078709823,1.0,17.5107756004195,18.154543632145817,24.528070316589965,1.1664465582574777,1.5906417106900177,2.7352945075769703,1.596174160402643,2.8318654333668944,11.743790699044487,13.266949945904864,0.0,0.28559208597161245,0.30501899523092035,0.35041666666666665,0.23438523709774017,0.23640865087509155,9.507370300008915
12,1012,Oracle Additive (C0),OA,C0,0.8879166666666667,2.6615282682405934,0.895,0.872,3.072859663493143,0.02300000000000002,0.012083333333333335,1.9271403365068571,3.3764186268643486,0.91,2.6846538898859946,1.3046868114443133,4.009119476378714,1.1664465582574777,1.5906417106900177,2.7352945075769703,1.596174160402643,2.8318654333668944,11.743790699044487,13.266949945904864,0.0,0.28559208597161245,0.30501899523092035,0.35041666666666665,0.23438523709774017,0.23640865087509155,9.507682399998885
12,1012,Oracle Replacement (C0),OR,C0,0.8995833333333333,3.3982385200402736,0.804,0.977,4.999999999999996,0.17299999999999993,0.0004166666666667318,4.440892098500626e-15,3.69382119276603,0.945,3.3982385200402736,1.1327461733467583,5.663730866733786,1.1664465582574777,1.5906417106900177,2.7352945075769703,1.596174160402643,2.8318654333668944,11.743790699044487,13.266949945904864,0.0,0.28559208597161245,0.30501899523092035,0.35041666666666665,0.23438523709774017,0.23640865087509155,9.507986400043592
13,1013,M0 Raw Quantile,M0,none,0.635,1.741036985789736,0.809,0.454,0.8300643407989675,0.35500000000000004,0.265,4.169935659201032,5.909655500133404,0.6525,1.736837425082922,1.9036236695051194,1.5801301263570786,0.8087391912385213,1.141405398794387,3.667577271372632,1.06227043218207,4.67827641598173,6.327000838758653,10.045602241452062,0.0,0.33493659036394013,0.3471664138628587,0.6154166666666666,0.2105982005596161,0.1961885541677475,10.538732399989385
13,1013,M1 Standard CQR,M1,C0,0.9004166666666666,3.358515368266779,1.0,0.78,0.9081271890526622,0.21999999999999997,0.0004166666666666208,4.091872810947338,4.488525535455923,0.9525,3.3543158075599653,3.521102051982163,3.1976085088341226,0.8087391912385213,1.141405398794387,3.667577271372632,1.06227043218207,4.67827641598173,6.327000838758653,10.045602241452062,0.0,0.33493659036394013,0.3471664138628587,0.6154166666666666,0.2105982005596161,0.1961885541677475,10.539421499997843
13,1013,C0-M2 Scaled Additive,M2,C0,0.9045833333333333,3.4777098247897267,0.986,0.847,1.0936466360994888,0.139,0.004583333333333273,3.9063533639005112,4.343412374670448,0.845,3.2072202446463547,3.3738336545638274,3.689781827072974,0.8087391912385213,1.141405398794387,3.667577271372632,1.06227043218207,4.67827641598173,6.327000838758653,10.045602241452062,0.0,0.33493659036394013,0.3471664138628587,0.6154166666666666,0.2105982005596161,0.1961885541677475,10.540042600012384
13,1013,C1-M2 Scaled Additive (block),M2,C1,0.9991666666666666,11.367704706661167,1.0,0.999,1.3203979693543928,0.0010000000000000009,0.09916666666666663,3.679602030645607,11.379887075383301,0.9975,9.887415074794927,10.053243268679154,13.274281997389673,0.8087391912385213,1.141405398794387,3.667577271372632,1.06227043218207,4.67827641598173,6.327000838758653,10.045602241452062,0.0,0.33493659036394013,0.3471664138628587,0.6154166666666666,0.2105982005596161,0.1961885541677475,10.540679599973373
13,1013,C0-M3 Replacement,M3,C0,0.8916666666666667,5.580297621558672,0.866,0.967,1.434932235636839,0.10099999999999998,0.008333333333333304,3.565067764363161,6.2308013779365155,0.7675,4.724651394626091,4.7240960407597905,6.7787576931305855,0.8087391912385213,1.141405398794387,3.667577271372632,1.06227043218207,4.67827641598173,6.327000838758653,10.045602241452062,0.0,0.33493659036394013,0.3471664138628587,0.6154166666666666,0.2105982005596161,0.1961885541677475,10.541282400023192
13,1013,C1-M3 Replacement (block),M3,C1,0.99875,15.28459965456141,1.0,0.999,1.434932235636839,0.0010000000000000009,0.09875,3.565067764363161,15.294973573331939,0.995,12.940959420378428,12.939438289770587,18.567217113025425,0.8087391912385213,1.141405398794387,3.667577271372632,1.06227043218207,4.67827641598173,6.327000838758653,10.045602241452062,0.0,0.33493659036394013,0.3471664138628587,0.6154166666666666,0.2105982005596161,0.1961885541677475,10.541888999985531
13,1013,Oracle Additive (C0),OA,C0,0.9145833333333333,3.0157615044082204,0.968,0.854,1.590990049308464,0.11399999999999999,0.014583333333333282,3.409009950691536,3.7805487366620913,0.9325,3.0115619437014063,2.3285318423779473,3.704670990721219,0.8087391912385213,1.141405398794387,3.667577271372632,1.06227043218207,4.67827641598173,6.327000838758653,10.045602241452062,0.0,0.33493659036394013,0.3471664138628587,0.6154166666666666,0.2105982005596161,0.1961885541677475,10.542499599978328
13,1013,Oracle Replacement (C0),OR,C0,0.9129166666666667,5.613931699178077,0.796,1.0,4.9999999999999964,0.20399999999999996,0.012916666666666687,3.552713678800501e-15,5.823082152739701,0.9875,5.613931699178076,1.871310566392693,9.356552831963459,0.8087391912385213,1.141405398794387,3.667577271372632,1.06227043218207,4.67827641598173,6.327000838758653,10.045602241452062,0.0,0.33493659036394013,0.3471664138628587,0.6154166666666666,0.2105982005596161,0.1961885541677475,10.543138000008184
14,1014,M0 Raw Quantile,M0,none,0.2704166666666667,0.5671729573483268,0.432,0.099,0.5444128160001324,0.33299999999999996,0.6295833333333334,4.455587183999867,10.445085975006712,0.295,0.5325533267110586,0.7434500381350517,0.4047437288165093,1.5449114419443983,2.0404007599273957,2.6688422169375916,1.891275731019394,2.9686525019931387,9.071977622189353,9.732987594592931,0.0,0.3100268358512217,0.3261021260294235,0.28625,0.2850092947483063,0.27917754650115967,10.826799000031315
14,1014,M1 Standard CQR,M1,C0,0.9029166666666667,3.6569958412371246,1.0,0.778,0.9116404398516668,0.22199999999999998,0.0029166666666666785,4.088359560148334,4.680201473450568,0.9725,3.6223762105998567,3.8332729220238497,3.4945666127053063,1.5449114419443983,2.0404007599273957,2.6688422169375916,1.891275731019394,2.9686525019931387,9.071977622189353,9.732987594592931,0.0,0.3100268358512217,0.3261021260294235,0.28625,0.2850092947483063,0.27917754650115967,10.827398000052199
14,1014,C0-M2 Scaled Additive,M2,C0,0.9025,3.683503781861181,0.985,0.856,1.2299565906317407,0.129,0.0024999999999999467,3.7700434093682595,4.546780161358803,0.8125,3.163464304554758,3.3969375845558267,4.178085770089105,1.5449114419443983,2.0404007599273957,2.6688422169375916,1.891275731019394,2.9686525019931387,9.071977622189353,9.732987594592931,0.0,0.3100268358512217,0.3261021260294235,0.28625,0.2850092947483063,0.27917754650115967,10.828024900052696
14,1014,C1-M2 Scaled Additive (block),M2,C1,0.99875,14.42292328765378,1.0,1.0,1.3700059208520308,0.0,0.09875,3.629994079147969,14.427599368536328,0.9925,12.230042362060976,12.54131843470631,17.18168051083837,1.5449114419443983,2.0404007599273957,2.6688422169375916,1.891275731019394,2.9686525019931387,9.071977622189353,9.732987594592931,0.0,0.3100268358512217,0.3261021260294235,0.28625,0.2850092947483063,0.27917754650115967,10.828614400001243
14,1014,C0-M3 Replacement,M3,C0,0.9025,4.076157698892342,0.937,0.913,1.4220311854722534,0.02400000000000002,0.0024999999999999467,3.577968814527747,4.754121094008114,0.79,3.4412290097969156,3.4707591396201516,4.935527733802703,1.5449114419443983,2.0404007599273957,2.6688422169375916,1.891275731019394,2.9686525019931387,9.071977622189353,9.732987594592931,0.0,0.3100268358512217,0.3261021260294235,0.28625,0.2850092947483063,0.27917754650115967,10.829193700046744
14,1014,C1-M3 Replacement (block),M3,C1,0.99875,14.865319525126257,1.0,1.0,1.4220311854722536,0.0,0.09875,3.5779688145277464,14.870542243258466,0.9925,12.54980120216298,12.657494487817786,17.99935189162004,1.5449114419443983,2.0404007599273957,2.6688422169375916,1.891275731019394,2.9686525019931387,9.071977622189353,9.732987594592931,0.0,0.3100268358512217,0.3261021260294235,0.28625,0.2850092947483063,0.27917754650115967,10.829799300001469
14,1014,Oracle Additive (C0),OA,C0,0.92125,2.8367038345715994,0.95,0.883,2.791603954845919,0.06699999999999995,0.02124999999999999,2.208396045154081,3.435111534825707,0.945,2.8020842039343314,1.499960330542809,4.1872951908552976,1.5449114419443983,2.0404007599273957,2.6688422169375916,1.891275731019394,2.9686525019931387,9.071977622189353,9.732987594592931,0.0,0.3100268358512217,0.3261021260294235,0.28625,0.2850092947483063,0.27917754650115967,10.830383400025312
14,1014,Oracle Replacement (C0),OR,C0,0.9108333333333334,3.5623830023917664,0.817,0.979,4.999999999999998,0.16200000000000003,0.010833333333333361,1.7763568394002505e-15,3.8289748835728648,0.975,3.5623830023917664,1.187461000797256,5.937305003986277,1.5449114419443983,2.0404007599273957,2.6688422169375916,1.891275731019394,2.9686525019931387,9.071977622189353,9.732987594592931,0.0,0.3100268358512217,0.3261021260294235,0.28625,0.2850092947483063,0.27917754650115967,10.830965600034688
15,1015,M0 Raw Quantile,M0,none,0.42583333333333334,0.8039687607732291,0.616,0.234,0.9565781225354538,0.382,0.4741666666666667,4.043421877464546,7.949803063007946,0.43,0.8316792444698513,0.8161459589451552,0.7807073691226541,1.2059722509498436,1.4657483667361613,2.423780330064277,1.504986678961782,2.782717865890466,8.104931053612669,10.095990422568818,0.0,0.32307751334894436,0.3579924247313651,0.41625,0.23782864212989807,0.22301538288593292,11.193446299992502
15,1015,M1 Standard CQR,M1,C0,0.9008333333333334,3.215913262672916,1.0,0.777,0.9890218101839604,0.22299999999999998,0.0008333333333333526,4.01097818981604,4.417801784881047,0.9625,3.2436237463695385,3.2280904608448435,3.192651871022342,1.2059722509498436,1.4657483667361613,2.423780330064277,1.504986678961782,2.782717865890466,8.104931053612669,10.095990422568818,0.0,0.32307751334894436,0.3579924247313651,0.41625,0.23782864212989807,0.22301538288593292,11.194086299976334
15,1015,C0-M2 Scaled Additive,M2,C0,0.8995833333333333,3.053142704250237,0.992,0.818,1.2747887758401122,0.17400000000000004,0.0004166666666667318,3.725211224159888,4.085442975741847,0.8725,2.7356104377762698,2.7401657601321747,3.4931325549578855,1.2059722509498436,1.4657483667361613,2.423780330064277,1.504986678961782,2.782717865890466,8.104931053612669,10.095990422568818,0.0,0.32307751334894436,0.3579924247313651,0.41625,0.23782864212989807,0.22301538288593292,11.194670500000939
15,1015,C1-M2 Scaled Additive (block),M2,C1,1.0,13.240891873336796,1.0,1.0,1.3774811964985931,0.0,0.09999999999999998,3.622518803501407,13.240891873336796,1.0,11.359564796157237,11.455112502111238,15.77920207543418,1.2059722509498436,1.4657483667361613,2.423780330064277,1.504986678961782,2.782717865890466,8.104931053612669,10.095990422568818,0.0,0.32307751334894436,0.3579924247313651,0.41625,0.23782864212989807,0.22301538288593292,11.195245800015982
15,1015,C0-M3 Replacement,M3,C0,0.88125,3.7192629286237904,0.935,0.878,1.4097698912255512,0.05700000000000005,0.018750000000000044,3.590230108774449,4.614973012931184,0.755,3.148365081523276,3.1815838615979195,4.485301134489868,1.2059722509498436,1.4657483667361613,2.423780330064277,1.504986678961782,2.782717865890466,8.104931053612669,10.095990422568818,0.0,0.32307751334894436,0.3579924247313651,0.41625,0.23782864212989807,0.22301538288593292,11.195856600010302
15,1015,C1-M3 Replacement (block),M3,C1,0.9995833333333334,15.49218072307949,1.0,1.0,1.4097698912255512,0.0,0.09958333333333336,3.590230108774449,15.492648021372588,0.9975,13.114168522427999,13.25253769777077,18.683028628648813,1.2059722509498436,1.4657483667361613,2.423780330064277,1.504986678961782,2.782717865890466,8.104931053612669,10.095990422568818,0.0,0.32307751334894436,0.3579924247313651,0.41625,0.23782864212989807,0.22301538288593292,11.19643960002577
15,1015,Oracle Additive (C0),OA,C0,0.9066666666666666,2.6099527755273675,0.946,0.851,2.672993527891437,0.09499999999999997,0.006666666666666599,2.327006472108563,3.4108376673158407,0.9475,2.6376632592239897,1.4181406305298678,3.7906807270462184,1.2059722509498436,1.4657483667361613,2.423780330064277,1.504986678961782,2.782717865890466,8.104931053612669,10.095990422568818,0.0,0.32307751334894436,0.3579924247313651,0.41625,0.23782864212989807,0.22301538288593292,11.197016399994027
15,1015,Oracle Replacement (C0),OR,C0,0.9108333333333334,3.3392614390685584,0.83,0.97,5.000000000000002,0.14,0.010833333333333361,1.7763568394002505e-15,3.6492175721064966,0.965,3.3392614390685593,1.1130871463561862,5.565435731780933,1.2059722509498436,1.4657483667361613,2.423780330064277,1.504986678961782,2.782717865890466,8.104931053612669,10.095990422568818,0.0,0.32307751334894436,0.3579924247313651,0.41625,0.23782864212989807,0.22301538288593292,11.197592300013639
16,1016,M0 Raw Quantile,M0,none,0.125,0.3985745871299878,0.024,0.197,13.09329354708516,0.17300000000000001,0.775,8.09329354708516,11.127482041760604,0.1975,0.3442234987486154,0.05810491400584578,0.7607846956066787,1.2985326217241635,2.843879054327253,3.0125016745486515,2.9447830680610685,3.069045665937676,9.837556553645298,10.201144163785488,0.21541666666666667,0.305727730067714,0.3024368402438876,0.13125,0.30282485485076904,0.2881767749786377,11.08999850001419
16,1016,M1 Standard CQR,M1,C0,0.9125,2.9956398305783147,0.999,0.821,1.264645856924882,0.17800000000000005,0.012499999999999956,3.735354143075118,3.913460259192157,0.925,2.9412887421969423,2.655170157454173,3.357849939055006,1.2985326217241635,2.843879054327253,3.0125016745486515,2.9447830680610685,3.069045665937676,9.837556553645298,10.201144163785488,0.21541666666666667,0.305727730067714,0.3024368402438876,0.13125,0.30282485485076904,0.2881767749786377,11.09027210000204
16,1016,C0-M2 Scaled Additive,M2,C0,0.8891666666666667,4.710375192331937,0.877,0.953,1.5510270601333622,0.07599999999999996,0.010833333333333361,3.4489729398666378,5.446729853799431,0.76,4.012555282893363,3.8023423977055786,5.897535950733723,1.2985326217241635,2.843879054327253,3.0125016745486515,2.9447830680610685,3.069045665937676,9.837556553645298,10.201144163785488,0.21541666666666667,0.305727730067714,0.3024368402438876,0.13125,0.30282485485076904,0.2881767749786377,11.090530799992848
16,1016,C1-M2 Scaled Additive (block),M2,C1,0.9991666666666666,15.313970597791377,1.0,0.999,1.4242575004806408,0.0010000000000000009,0.09916666666666663,3.575742499519359,15.320440469554354,0.9975,13.033729871794897,13.010184553302658,18.529852932678686,1.2985326217241635,2.843879054327253,3.0125016745486515,2.9447830680610685,3.069045665937676,9.837556553645298,10.201144163785488,0.21541666666666667,0.305727730067714,0.3024368402438876,0.13125,0.30282485485076904,0.2881767749786377,11.090791299997363
16,1016,C0-M3 Replacement,M3,C0,0.8983333333333333,4.56746095574149,0.905,0.945,1.3719085067358896,0.039999999999999925,0.0016666666666667052,3.6280914932641104,5.298785016080093,0.765,3.88583882486883,3.9662452143983855,5.441325549433658,1.2985326217241635,2.843879054327253,3.0125016745486515,2.9447830680610685,3.069045665937676,9.837556553645298,10.201144163785488,0.21541666666666667,0.305727730067714,0.3024368402438876,0.13125,0.30282485485076904,0.2881767749786377,11.091068600013386
16,1016,C1-M3 Replacement (block),M3,C1,0.9991666666666666,15.466656189979124,1.0,0.999,1.3719085067358896,0.0010000000000000009,0.09916666666666663,3.6280914932641104,15.47271102737568,0.9975,13.158499590099245,13.430777337929337,18.425797681980864,1.2985326217241635,2.843879054327253,3.0125016745486515,2.9447830680610685,3.069045665937676,9.837556553645298,10.201144163785488,0.21541666666666667,0.305727730067714,0.3024368402438876,0.13125,0.30282485485076904,0.2881767749786377,11.091323300031945
16,1016,Oracle Additive (C0),OA,C0,0.8933333333333333,3.93231426880327,0.772,0.997,5.380463773055446,0.22499999999999998,0.00666666666666671,0.3804637730554461,4.264935732634425,0.9375,3.8779631804218972,1.2360181412302733,6.650350831728816,1.2985326217241635,2.843879054327253,3.0125016745486515,2.9447830680610685,3.069045665937676,9.837556553645298,10.201144163785488,0.21541666666666667,0.305727730067714,0.3024368402438876,0.13125,0.30282485485076904,0.2881767749786377,11.091575600032229
16,1016,Oracle Replacement (C0),OR,C0,0.8941666666666667,3.6828547991252107,0.779,0.991,5.0,0.21199999999999997,0.005833333333333357,0.0,4.003771701131424,0.94,3.6828547991252116,1.2276182663750708,6.138091331875354,1.2985326217241635,2.843879054327253,3.0125016745486515,2.9447830680610685,3.069045665937676,9.837556553645298,10.201144163785488,0.21541666666666667,0.305727730067714,0.3024368402438876,0.13125,0.30282485485076904,0.2881767749786377,11.091831300000194
17,1017,M0 Raw Quantile,M0,none,0.49,1.082081648297608,0.671,0.292,0.9214974720839002,0.37900000000000006,0.41000000000000003,4.0785025279161,7.651020394217833,0.5325,1.0723634404689073,1.1283130013048648,1.0397375784218312,1.1388254418311314,1.422214306352233,2.852735606506096,1.3474748776695606,3.0585511132404646,8.006941248391657,10.672419360311503,0.0,0.3499608983261265,0.34993000571901334,0.48833333333333334,0.22343192994594574,0.20666269958019257,11.441753799968865
17,1017,M1 Standard CQR,M1,C0,0.89375,3.3597325319598697,1.0,0.759,0.9739940217000014,0.241,0.006249999999999978,4.026005978299999,4.629385078483277,0.965,3.350014324131169,3.4059638849671265,3.3173884620840925,1.1388254418311314,1.422214306352233,2.852735606506096,1.3474748776695606,3.0585511132404646,8.006941248391657,10.672419360311503,0.0,0.3499608983261265,0.34993000571901334,0.48833333333333334,0.22343192994594574,0.20666269958019257,11.4424589999835
17,1017,C0-M2 Scaled Additive,M2,C0,0.9008333333333334,3.295194627773432,0.994,0.825,1.244683637925013,0.16900000000000004,0.0008333333333333526,3.755316362074987,4.278229385649606,0.8575,2.970266945177096,2.9939008843124566,3.726459444272942,1.1388254418311314,1.422214306352233,2.852735606506096,1.3474748776695606,3.0585511132404646,8.006941248391657,10.672419360311503,0.0,0.3499608983261265,0.34993000571901334,0.48833333333333334,0.22343192994594574,0.20666269958019257,11.443223499984015
17,1017,C1-M2 Scaled Additive (block),M2,C1,1.0,13.541712748596247,1.0,1.0,1.3898355550114025,0.0,0.09999999999999998,3.6101644449885972,13.541712748596247,1.0,11.757392967623353,11.631408425275112,16.16574498430654,1.1388254418311314,1.422214306352233,2.852735606506096,1.3474748776695606,3.0585511132404646,8.006941248391657,10.672419360311503,0.0,0.3499608983261265,0.34993000571901334,0.48833333333333334,0.22343192994594574,0.20666269958019257,11.44391450000694
17,1017,C0-M3 Replacement,M3,C0,0.89625,4.439152502947656,0.921,0.927,1.4401475751009571,0.006000000000000005,0.003750000000000031,3.559852424899043,5.113833790292239,0.7575,3.8068924503230583,3.7420724550101694,5.389136571934981,1.1388254418311314,1.422214306352233,2.852735606506096,1.3474748776695606,3.0585511132404646,8.006941248391657,10.672419360311503,0.0,0.3499608983261265,0.34993000571901334,0.48833333333333334,0.22343192994594574,0.20666269958019257,11.444626100012101
17,1017,C1-M3 Replacement (block),M3,C1,1.0,16.607391518437442,1.0,1.0,1.4401475751009567,0.0,0.09999999999999998,3.5598524248990433,16.607391518437442,1.0,14.242032313401728,13.999533088680433,20.16139363020873,1.1388254418311314,1.422214306352233,2.852735606506096,1.3474748776695606,3.0585511132404646,8.006941248391657,10.672419360311503,0.0,0.3499608983261265,0.34993000571901334,0.48833333333333334,0.22343192994594574,0.20666269958019257,11.445606899971608
17,1017,Oracle Additive (C0),OA,C0,0.8929166666666667,2.6990515015010805,0.951,0.82,2.239957248588944,0.131,0.00708333333333333,2.760042751411056,3.6559015963617973,0.93,2.68933329367238,1.6673029523726897,3.734687333760953,1.1388254418311314,1.422214306352233,2.852735606506096,1.3474748776695606,3.0585511132404646,8.006941248391657,10.672419360311503,0.0,0.3499608983261265,0.34993000571901334,0.48833333333333334,0.22343192994594574,0.20666269958019257,11.446476900018752
17,1017,Oracle Replacement (C0),OR,C0,0.8783333333333333,3.6702613358885583,0.75,0.979,5.0,0.22899999999999998,0.021666666666666723,0.0,3.998027730533131,0.9475,3.6702613358885583,1.2234204452961859,6.117102226480929,1.1388254418311314,1.422214306352233,2.852735606506096,1.3474748776695606,3.0585511132404646,8.006941248391657,10.672419360311503,0.0,0.3499608983261265,0.34993000571901334,0.48833333333333334,0.22343192994594574,0.20666269958019257,11.44733830000041
18,1018,M0 Raw Quantile,M0,none,0.6154166666666666,1.2397538617625832,0.945,0.284,0.8158249936725489,0.661,0.2845833333333334,4.184175006327451,7.353951978570876,0.62,1.2378215323016049,1.365924945384264,1.1143557099252939,1.0794035780642877,1.3297580408305325,2.5260322996472127,1.125498239906229,2.4682390233467326,7.790068257291818,10.230418870447869,0.0,0.27956317018259214,0.30264911105584785,0.6258333333333334,0.21411189436912537,0.20870459079742432,11.89637859998038
18,1018,M1 Standard CQR,M1,C0,0.89125,3.3985610178911583,1.0,0.751,0.9286274167188494,0.249,0.008750000000000036,4.071372583281151,4.744353867534782,0.97,3.3966286884301797,3.524732101512839,3.273162866053869,1.0794035780642877,1.3297580408305325,2.5260322996472127,1.125498239906229,2.4682390233467326,7.790068257291818,10.230418870447869,0.0,0.27956317018259214,0.30264911105584785,0.6258333333333334,0.21411189436912537,0.20870459079742432,11.897028799983673
18,1018,C0-M2 Scaled Additive,M2,C0,0.8908333333333334,3.2919494082745047,0.998,0.792,1.1240625003458995,0.20599999999999996,0.009166666666666656,3.8759374996541007,4.3421189134017455,0.87,2.9517889495205973,3.163731292726198,3.556231707324375,1.0794035780642877,1.3297580408305325,2.5260322996472127,1.125498239906229,2.4682390233467326,7.790068257291818,10.230418870447869,0.0,0.27956317018259214,0.30264911105584785,0.6258333333333334,0.21411189436912537,0.20870459079742432,11.89770899998257
18,1018,C1-M2 Scaled Additive (block),M2,C1,0.9995833333333334,13.262048816003468,1.0,1.0,1.2959804509216315,0.0,0.09958333333333336,3.7040195490783683,13.263377305501823,0.9975,11.278688186938153,11.897941845570829,15.419500038062232,1.0794035780642877,1.3297580408305325,2.5260322996472127,1.125498239906229,2.4682390233467326,7.790068257291818,10.230418870447869,0.0,0.27956317018259214,0.30264911105584785,0.6258333333333334,0.21411189436912537,0.20870459079742432,11.898554600018542
18,1018,C0-M3 Replacement,M3,C0,0.9008333333333334,3.898387583686684,0.963,0.901,1.3582530738137666,0.061999999999999944,0.0008333333333333526,3.6417469261862334,4.63273812142477,0.745,3.255883343810404,3.415145283919555,4.638631579404324,1.0794035780642877,1.3297580408305325,2.5260322996472127,1.125498239906229,2.4682390233467326,7.790068257291818,10.230418870447869,0.0,0.27956317018259214,0.30264911105584785,0.6258333333333334,0.21411189436912537,0.20870459079742432,11.89914419996785
18,1018,C1-M3 Replacement (block),M3,C1,0.9995833333333334,15.788451282288783,1.0,1.0,1.3582530738137664,0.0,0.09958333333333336,3.641746926186234,15.789399036451174,0.9975,13.186312148560742,13.83132225300966,18.78643596505912,1.0794035780642877,1.3297580408305325,2.5260322996472127,1.125498239906229,2.4682390233467326,7.790068257291818,10.230418870447869,0.0,0.27956317018259214,0.30264911105584785,0.6258333333333334,0.21411189436912537,0.20870459079742432,11.899831400020048
18,1018,Oracle Additive (C0),OA,C0,0.8891666666666667,2.5903517496500577,0.994,0.761,1.8530407298798892,0.23299999999999998,0.010833333333333361,3.146959270120111,3.8568866655981515,0.9475,2.5884194201890796,1.8161242413467553,3.3653521897377514,1.0794035780642877,1.3297580408305325,2.5260322996472127,1.125498239906229,2.4682390233467326,7.790068257291818,10.230418870447869,0.0,0.27956317018259214,0.30264911105584785,0.6258333333333334,0.21411189436912537,0.20870459079742432,11.900664999964647
18,1018,Oracle Replacement (C0),OR,C0,0.8758333333333334,2.9618868280160795,0.801,0.922,5.0,0.121,0.02416666666666667,0.0,3.4618175049394417,0.9475,2.961886828016079,0.987295609338693,4.936478046693465,1.0794035780642877,1.3297580408305325,2.5260322996472127,1.125498239906229,2.4682390233467326,7.790068257291818,10.230418870447869,0.0,0.27956317018259214,0.30264911105584785,0.6258333333333334,0.21411189436912537,0.20870459079742432,11.901274300005753
19,1019,M0 Raw Quantile,M0,none,0.4195833333333333,0.690822340870897,0.685,0.17,0.8800249159249705,0.515,0.4804166666666667,4.11997508407503,9.413340164998385,0.38,0.6894378487952053,0.7352022129409015,0.6469962656311691,1.493665890940032,1.6445206706183004,2.5734810621905324,1.616375038839949,2.4544033755882246,6.838759772365947,8.649802729586936,0.0,0.3130082246940234,0.3170952473912502,0.425,0.2497328370809555,0.23196826875209808,10.93640270002652
19,1019,M1 Standard CQR,M1,C0,0.9079166666666667,3.6781541227509624,1.0,0.789,0.9763048645271069,0.21099999999999997,0.007916666666666683,4.023695135472893,4.826521062980736,0.975,3.6767696306752704,3.7225339948209673,3.6343280475112345,1.493665890940032,1.6445206706183004,2.5734810621905324,1.616375038839949,2.4544033755882246,6.838759772365947,8.649802729586936,0.0,0.3130082246940234,0.3170952473912502,0.425,0.2497328370809555,0.23196826875209808,10.936683000007179
19,1019,C0-M2 Scaled Additive,M2,C0,0.9016666666666666,3.301309179387367,0.997,0.812,1.26539290570851,0.18499999999999994,0.0016666666666665941,3.7346070942914897,4.385680110104624,0.8875,2.8881715031432136,2.987505351596269,3.7803680776761266,1.493665890940032,1.6445206706183004,2.5734810621905324,1.616375038839949,2.4544033755882246,6.838759772365947,8.649802729586936,0.0,0.3130082246940234,0.3170952473912502,0.425,0.2497328370809555,0.23196826875209808,10.936930900032166
19,1019,C1-M2 Scaled Additive (block),M2,C1,1.0,11.546564501183838,1.0,1.0,1.353982366238017,0.0,0.09999999999999998,3.646017633761983,11.546564501183838,1.0,9.832899244053268,10.101432978540668,13.677162126679233,1.493665890940032,1.6445206706183004,2.5734810621905324,1.616375038839949,2.4544033755882246,6.838759772365947,8.649802729586936,0.0,0.3130082246940234,0.3170952473912502,0.425,0.2497328370809555,0.23196826875209808,10.937175000028219
19,1019,C0-M3 Replacement,M3,C0,0.8995833333333333,4.085104287253469,0.952,0.884,1.3911856527072959,0.06799999999999995,0.0004166666666667318,3.608814347292704,4.859016015586199,0.8075,3.440759074276737,3.5245890046870794,4.903357655010553,1.493665890940032,1.6445206706183004,2.5734810621905324,1.616375038839949,2.4544033755882246,6.838759772365947,8.649802729586936,0.0,0.3130082246940234,0.3170952473912502,0.425,0.2497328370809555,0.23196826875209808,10.93741970002884
19,1019,C1-M3 Replacement (block),M3,C1,1.0,13.730563917363785,1.0,1.0,1.3911856527072957,0.0,0.09999999999999998,3.6088143472927046,13.730563917363785,1.0,11.56483631054848,11.846599550052272,16.480819327401424,1.493665890940032,1.6445206706183004,2.5734810621905324,1.616375038839949,2.4544033755882246,6.838759772365947,8.649802729586936,0.0,0.3130082246940234,0.3170952473912502,0.425,0.2497328370809555,0.23196826875209808,10.937664200027939
19,1019,Oracle Additive (C0),OA,C0,0.9016666666666666,2.630472387478835,0.962,0.821,2.8078451862442435,0.14100000000000001,0.0016666666666665941,2.1921548137557565,3.625472507005261,0.9525,2.629087895403144,1.3817522284768808,3.8797463433110657,1.493665890940032,1.6445206706183004,2.5734810621905324,1.616375038839949,2.4544033755882246,6.838759772365947,8.649802729586936,0.0,0.3130082246940234,0.3170952473912502,0.425,0.2497328370809555,0.23196826875209808,10.937906700011808
19,1019,Oracle Replacement (C0),OR,C0,0.88875,2.945284050705869,0.836,0.915,4.999999999999999,0.07900000000000007,0.011249999999999982,8.881784197001252e-16,3.4562416502489297,0.955,2.9452840507058693,0.98176135023529,4.908806751176449,1.493665890940032,1.6445206706183004,2.5734810621905324,1.616375038839949,2.4544033755882246,6.838759772365947,8.649802729586936,0.0,0.3130082246940234,0.3170952473912502,0.425,0.2497328370809555,0.23196826875209808,10.938155799987726
20,1020,M0 Raw Quantile,M0,none,0.7025,1.6202447765444716,0.999,0.363,0.9277021346073626,0.636,0.1975,4.072297865392637,6.713338853649851,0.81,1.61351453371346,1.6824080816209317,1.5607735686004163,1.0167729815516444,1.0943676879870077,2.429505932659596,1.0633159275233224,2.1613498532669353,5.34170660339567,8.08123058083417,0.0,0.30881162886431274,0.3045808317623898,0.7066666666666667,0.20692561566829681,0.20221400260925293,11.27553220000118
20,1020,M1 Standard CQR,M1,C0,0.8975,3.653790739647761,1.0,0.759,0.9672669490643437,0.241,0.0025000000000000577,4.032733050935656,4.894760016048234,0.9875,3.647060496816748,3.71595404472422,3.594319531703704,1.0167729815516444,1.0943676879870077,2.429505932659596,1.0633159275233224,2.1613498532669353,5.34170660339567,8.08123058083417,0.0,0.30881162886431274,0.3045808317623898,0.7066666666666667,0.20692561566829681,0.20221400260925293,11.276200099964626
20,1020,C0-M2 Scaled Additive,M2,C0,0.9091666666666667,3.3318956477629693,1.0,0.798,1.1445176101411991,0.20199999999999996,0.009166666666666656,3.8554823898588007,4.403461152768003,0.96,3.104724610261732,3.149733850906309,3.6049258596201246,1.0167729815516444,1.0943676879870077,2.429505932659596,1.0633159275233224,2.1613498532669353,5.34170660339567,8.08123058083417,0.0,0.30881162886431274,0.3045808317623898,0.7066666666666667,0.20692561566829681,0.20221400260925293,11.276897899981122
20,1020,C1-M2 Scaled Additive (block),M2,C1,1.0,9.974965828583015,1.0,1.0,1.3045836573237015,0.0,0.09999999999999998,3.6954163426762987,9.974965828583015,1.0,8.892244343070397,8.844556450184042,11.538463801187032,1.0167729815516444,1.0943676879870077,2.429505932659596,1.0633159275233224,2.1613498532669353,5.34170660339567,8.08123058083417,0.0,0.30881162886431274,0.3045808317623898,0.7066666666666667,0.20692561566829681,0.20221400260925293,11.277523299970198
20,1020,C0-M3 Replacement,M3,C0,0.9166666666666666,3.7998800512069533,0.991,0.87,1.3931141494334005,0.121,0.016666666666666607,3.6068858505665995,4.640915709952484,0.8475,3.310499540131531,3.257476167064475,4.5380361397796,1.0167729815516444,1.0943676879870077,2.429505932659596,1.0633159275233224,2.1613498532669353,5.34170660339567,8.08123058083417,0.0,0.30881162886431274,0.3045808317623898,0.7066666666666667,0.20692561566829681,0.20221400260925293,11.27814979996765
20,1020,C1-M3 Replacement (block),M3,C1,0.9995833333333334,12.639486267769438,1.0,1.0,1.3931141494334003,0.0,0.09958333333333336,3.6068858505665995,12.640434835391117,0.9975,11.011666924501727,10.835296042600072,15.094804230245888,1.0167729815516444,1.0943676879870077,2.429505932659596,1.0633159275233224,2.1613498532669353,5.34170660339567,8.08123058083417,0.0,0.30881162886431274,0.3045808317623898,0.7066666666666667,0.20692561566829681,0.20221400260925293,11.2788396999822
20,1020,Oracle Additive (C0),OA,C0,0.9016666666666666,2.8962238895724592,1.0,0.77,1.7494639417434745,0.22999999999999998,0.0016666666666665941,3.2505360582565253,4.048718851825182,0.985,2.8894936467414465,2.1077344526302615,3.687405423647062,1.0167729815516444,1.0943676879870077,2.429505932659596,1.0633159275233224,2.1613498532669353,5.34170660339567,8.08123058083417,0.0,0.30881162886431274,0.3045808317623898,0.7066666666666667,0.20692561566829681,0.20221400260925293,11.279473899980076
20,1020,Oracle Replacement (C0),OR,C0,0.9075,2.593619823920322,0.922,0.871,5.000000000000002,0.051000000000000045,0.007499999999999951,1.7763568394002505e-15,3.293262944674321,0.9625,2.5936198239203225,0.8645399413067737,4.32269970653387,1.0167729815516444,1.0943676879870077,2.429505932659596,1.0633159275233224,2.1613498532669353,5.34170660339567,8.08123058083417,0.0,0.30881162886431274,0.3045808317623898,0.7066666666666667,0.20692561566829681,0.20221400260925293,11.280123799981084
21,1021,M0 Raw Quantile,M0,none,0.11,0.4256125956610777,0.058,0.132,0.9843545012766488,0.07400000000000001,0.79,4.015645498723352,11.342384902352292,0.185,0.39988708790391686,0.434153974942863,0.4273614194821566,1.3150573868478521,2.4230385976140996,3.0151348203386643,2.718635746241712,3.7263160582693486,8.92377506202982,9.499511259780165,0.0,0.31803008607600347,0.36111586324918343,0.10458333333333333,0.3122221827507019,0.30509307980537415,11.08911249996163
21,1021,M1 Standard CQR,M1,C0,0.9066666666666666,3.055727369356782,1.0,0.804,0.9977833029613593,0.19599999999999995,0.006666666666666599,4.002216697038641,4.049539874421394,0.93,3.0300018615996214,3.0642687486385665,3.0574761931778602,1.3150573868478521,2.4230385976140996,3.0151348203386643,2.718635746241712,3.7263160582693486,8.92377506202982,9.499511259780165,0.0,0.31803008607600347,0.36111586324918343,0.10458333333333333,0.3122221827507019,0.30509307980537415,11.089728399994783
21,1021,C0-M2 Scaled Additive,M2,C0,0.9004166666666666,4.089913654758392,0.926,0.927,1.3540349078127252,0.0010000000000000009,0.0004166666666666208,3.645965092187275,4.852297903699613,0.77,3.526422496528578,3.5705603790805744,4.8346633937281345,1.3150573868478521,2.4230385976140996,3.0151348203386643,2.718635746241712,3.7263160582693486,8.92377506202982,9.499511259780165,0.0,0.31803008607600347,0.36111586324918343,0.10458333333333333,0.3122221827507019,0.30509307980537415,11.090372000006028
21,1021,C1-M2 Scaled Additive (block),M2,C1,0.9979166666666667,13.920815867759297,1.0,0.999,1.3899624767855798,0.0010000000000000009,0.09791666666666665,3.6100375232144204,13.933693257920755,0.99,11.914560744985085,11.985181383748621,16.658952400879656,1.3150573868478521,2.4230385976140996,3.0151348203386643,2.718635746241712,3.7263160582693486,8.92377506202982,9.499511259780165,0.0,0.31803008607600347,0.36111586324918343,0.10458333333333333,0.3122221827507019,0.30509307980537415,11.090963699971326
21,1021,C0-M3 Replacement,M3,C0,0.8954166666666666,4.5597134632387535,0.894,0.945,1.4052075548728746,0.050999999999999934,0.004583333333333384,3.5947924451271254,5.268419185036731,0.775,3.890538841126357,3.902821923332356,5.48427485199011,1.3150573868478521,2.4230385976140996,3.0151348203386643,2.718635746241712,3.7263160582693486,8.92377506202982,9.499511259780165,0.0,0.31803008607600347,0.36111586324918343,0.10458333333333333,0.3122221827507019,0.30509307980537415,11.09157549997326
21,1021,C1-M3 Replacement (block),M3,C1,0.9979166666666667,14.36587481701483,1.0,0.999,1.4052075548728749,0.0010000000000000009,0.09791666666666665,3.5947924451271254,14.377788773817082,0.99,12.257567150427024,12.296266341233885,17.2788063594309,1.3150573868478521,2.4230385976140996,3.0151348203386643,2.718635746241712,3.7263160582693486,8.92377506202982,9.499511259780165,0.0,0.31803008607600347,0.36111586324918343,0.10458333333333333,0.3122221827507019,0.30509307980537415,11.092195899982471
21,1021,Oracle Additive (C0),OA,C0,0.91,3.687975491151133,0.814,0.991,3.8542330600692396,0.17700000000000005,0.010000000000000009,1.1457669399307604,3.965647270653335,0.9475,3.6622499833939712,1.5216082734395475,5.86463291196558,1.3150573868478521,2.4230385976140996,3.0151348203386643,2.718635746241712,3.7263160582693486,8.92377506202982,9.499511259780165,0.0,0.31803008607600347,0.36111586324918343,0.10458333333333333,0.3122221827507019,0.30509307980537415,11.092794700001832
21,1021,Oracle Replacement (C0),OR,C0,0.9029166666666667,4.471579269923219,0.779,0.999,4.999999999999999,0.21999999999999997,0.0029166666666666785,8.881784197001252e-16,4.706541889964908,0.9725,4.471579269923218,1.4905264233077393,7.4526321165386955,1.3150573868478521,2.4230385976140996,3.0151348203386643,2.718635746241712,3.7263160582693486,8.92377506202982,9.499511259780165,0.0,0.31803008607600347,0.36111586324918343,0.10458333333333333,0.3122221827507019,0.30509307980537415,11.093386199965607
22,1022,M0 Raw Quantile,M0,none,0.595,1.093112733218198,0.981,0.21,0.7058378979234268,0.771,0.30500000000000005,4.294162102076573,8.91223628017045,0.5925,1.0985329065099358,1.2803428741842509,0.9037145229354501,1.4840311194108426,1.5918042043857048,2.476124464779902,1.493484773194501,2.2265882194103592,9.180948063469069,10.86372594523957,0.0,0.34189659032412606,0.3518331921222894,0.5995833333333334,0.25475573539733887,0.2565452456474304,10.984483999956865
22,1022,M1 Standard CQR,M1,C0,0.9008333333333334,4.061174972039884,1.0,0.77,0.9113482963063474,0.22999999999999998,0.0008333333333333526,4.088651703693652,5.192942543393121,0.98,4.066595145331623,4.248405113005938,3.8717767617571366,1.4840311194108426,1.5918042043857048,2.476124464779902,1.493484773194501,2.2265882194103592,9.180948063469069,10.86372594523957,0.0,0.34189659032412606,0.3518331921222894,0.5995833333333334,0.25475573539733887,0.2565452456474304,10.985034199955408
22,1022,C0-M2 Scaled Additive,M2,C0,0.8975,3.550822276501106,1.0,0.792,1.1577569283987412,0.20799999999999996,0.0025000000000000577,3.842243071601259,4.671152295197794,0.905,3.175622710201893,3.360769827259162,3.890954552262736,1.4840311194108426,1.5918042043857048,2.476124464779902,1.493484773194501,2.2265882194103592,9.180948063469069,10.86372594523957,0.0,0.34189659032412606,0.3518331921222894,0.5995833333333334,0.25475573539733887,0.2565452456474304,10.985777199966833
22,1022,C1-M2 Scaled Additive (block),M2,C1,1.0,15.268288053024826,1.0,1.0,1.3654914536144338,0.0,0.09999999999999998,3.6345085463855664,15.268288053024826,1.0,13.078431915644806,13.279489347976222,18.13302921302544,1.4840311194108426,1.5918042043857048,2.476124464779902,1.493484773194501,2.2265882194103592,9.180948063469069,10.86372594523957,0.0,0.34189659032412606,0.3518331921222894,0.5995833333333334,0.25475573539733887,0.2565452456474304,10.98643190000439
22,1022,C0-M3 Replacement,M3,C0,0.9045833333333333,3.823079943298899,0.971,0.869,1.4358783541580669,0.10199999999999998,0.004583333333333273,3.564121645841933,4.746423763971716,0.8275,3.2310084772337517,3.236199566192426,4.64678890683143,1.4840311194108426,1.5918042043857048,2.476124464779902,1.493484773194501,2.2265882194103592,9.180948063469069,10.86372594523957,0.0,0.34189659032412606,0.3518331921222894,0.5995833333333334,0.25475573539733887,0.2565452456474304,10.98705269995844
22,1022,C1-M3 Replacement (block),M3,C1,1.0,16.773346155050028,1.0,1.0,1.4358783541580675,0.0,0.09999999999999998,3.5641216458419325,16.773346155050028,1.0,14.175697192399957,14.198472528860842,20.38727936629924,1.4840311194108426,1.5918042043857048,2.476124464779902,1.493484773194501,2.2265882194103592,9.180948063469069,10.86372594523957,0.0,0.34189659032412606,0.3518331921222894,0.5995833333333334,0.25475573539733887,0.2565452456474304,10.987643899978139
22,1022,Oracle Additive (C0),OA,C0,0.8995833333333333,2.8852944610515996,1.0,0.778,2.0720071650037433,0.22199999999999998,0.0004166666666667318,2.9279928349962567,4.029385578550867,0.9525,2.890714634343337,1.8777367834620518,3.890684069324454,1.4840311194108426,1.5918042043857048,2.476124464779902,1.493484773194501,2.2265882194103592,9.180948063469069,10.86372594523957,0.0,0.34189659032412606,0.3518331921222894,0.5995833333333334,0.25475573539733887,0.2565452456474304,10.988246399967466
22,1022,Oracle Replacement (C0),OR,C0,0.8733333333333333,2.6719058632924315,0.883,0.845,4.999999999999997,0.038000000000000034,0.026666666666666727,2.6645352591003757e-15,3.4571217854591962,0.92,2.671905863292431,0.8906352877641441,4.4531764388207185,1.4840311194108426,1.5918042043857048,2.476124464779902,1.493484773194501,2.2265882194103592,9.180948063469069,10.86372594523957,0.0,0.34189659032412606,0.3518331921222894,0.5995833333333334,0.25475573539733887,0.2565452456474304,10.988825000007637
23,1023,M0 Raw Quantile,M0,none,0.7104166666666667,1.5743429184767108,0.975,0.426,1.0816265411613017,0.5489999999999999,0.18958333333333333,3.9183734588386985,6.071948229281775,0.76,1.601020529270172,1.5074821206331253,1.6305326720029116,0.8565729403480316,0.9758184363543299,2.6593975297032424,0.8861355984515269,2.6368097762375515,5.557281848950199,8.742565143779935,0.0,0.2932810364776903,0.316818668801247,0.7029166666666666,0.18603163957595825,0.1745164543390274,11.665045299974736
23,1023,M1 Standard CQR,M1,C0,0.8929166666666667,3.287488799172775,1.0,0.756,1.0382070053787653,0.244,0.00708333333333333,3.9617929946212347,4.6486148178416,0.9675,3.3141664099662353,3.220628001329188,3.3436785526989743,0.8565729403480316,0.9758184363543299,2.6593975297032424,0.8861355984515269,2.6368097762375515,5.557281848950199,8.742565143779935,0.0,0.2932810364776903,0.316818668801247,0.7029166666666666,0.18603163957595825,0.1745164543390274,11.665826199983712
23,1023,C0-M2 Scaled Additive,M2,C0,0.8970833333333333,3.1346722923084758,0.999,0.79,1.220221475319586,0.20899999999999996,0.0029166666666666785,3.779778524680414,4.329921290859699,0.91,2.948567492441004,2.8572764361946343,3.4865100683693053,0.8565729403480316,0.9758184363543299,2.6593975297032424,0.8861355984515269,2.6368097762375515,5.557281848950199,8.742565143779935,0.0,0.2932810364776903,0.316818668801247,0.7029166666666666,0.18603163957595825,0.1745164543390274,11.666711699974257
23,1023,C1-M2 Scaled Additive (block),M2,C1,0.9995833333333334,10.460412072872659,1.0,1.0,1.326906635689591,0.0,0.09958333333333336,3.673093364310409,10.46307974716886,0.9975,9.275294759028629,9.194555012707868,12.200316058575062,0.8565729403480316,0.9758184363543299,2.6593975297032424,0.8861355984515269,2.6368097762375515,5.557281848950199,8.742565143779935,0.0,0.2932810364776903,0.316818668801247,0.7029166666666666,0.18603163957595825,0.1745164543390274,11.667468799976632
23,1023,C0-M3 Replacement,M3,C0,0.8929166666666667,4.252364915131468,0.926,0.903,1.3750075659448266,0.02300000000000002,0.00708333333333333,3.6249924340551734,5.042434389014315,0.785,3.6724691105491174,3.6785938189717915,5.058094333124087,0.8565729403480316,0.9758184363543299,2.6593975297032424,0.8861355984515269,2.6368097762375515,5.557281848950199,8.742565143779935,0.0,0.2932810364776903,0.316818668801247,0.7029166666666666,0.18603163957595825,0.1745164543390274,11.668711599952076
23,1023,C1-M3 Replacement (block),M3,C1,0.9995833333333334,13.979323087439873,1.0,1.0,1.375007565944827,0.0,0.09958333333333336,3.624992434055173,13.983456435369812,0.9975,12.072960164431663,12.09309467300882,16.62809667107421,0.8565729403480316,0.9758184363543299,2.6593975297032424,0.8861355984515269,2.6368097762375515,5.557281848950199,8.742565143779935,0.0,0.2932810364776903,0.316818668801247,0.7029166666666666,0.18603163957595825,0.1745164543390274,11.66966939996928
23,1023,Oracle Additive (C0),OA,C0,0.8904166666666666,2.637705636618543,0.997,0.761,1.8275618554872959,0.236,0.009583333333333388,3.172438144512704,3.956777788043762,0.9475,2.664383247412004,1.8619363600137369,3.4028038689059668,0.8565729403480316,0.9758184363543299,2.6593975297032424,0.8861355984515269,2.6368097762375515,5.557281848950199,8.742565143779935,0.0,0.2932810364776903,0.316818668801247,0.7029166666666666,0.18603163957595825,0.1745164543390274,11.670529399998486
23,1023,Oracle Replacement (C0),OR,C0,0.8904166666666666,3.164171731485062,0.821,0.939,4.999999999999999,0.118,0.009583333333333388,8.881784197001252e-16,3.632934853486845,0.9425,3.164171731485062,1.0547239104950206,5.273619552475102,0.8565729403480316,0.9758184363543299,2.6593975297032424,0.8861355984515269,2.6368097762375515,5.557281848950199,8.742565143779935,0.0,0.2932810364776903,0.316818668801247,0.7029166666666666,0.18603163957595825,0.1745164543390274,11.67136469995603
24,1024,M0 Raw Quantile,M0,none,0.5383333333333333,1.2246143947572758,0.729,0.358,1.051096593273578,0.371,0.3616666666666667,3.948903406726422,6.556937532555323,0.5125,1.2202515712939204,1.1949578225314617,1.2560160963684321,0.9511669472522553,1.328378265699719,2.816218862294452,1.1598024899082633,3.223857836400764,10.713167219942843,13.201537867983811,0.0,0.3228044428825745,0.33343471453176116,0.5416666666666666,0.201530322432518,0.1781216859817505,11.040961200022139
24,1024,M1 Standard CQR,M1,C0,0.8975,3.126948289261787,1.0,0.785,1.019713439809732,0.21499999999999997,0.0025000000000000577,3.980286560190268,4.174731143024418,0.9225,3.122585465798431,3.0972917170359713,3.1583499908729418,0.9511669472522553,1.328378265699719,2.816218862294452,1.1598024899082633,3.223857836400764,10.713167219942843,13.201537867983811,0.0,0.3228044428825745,0.33343471453176116,0.5416666666666666,0.201530322432518,0.1781216859817505,11.041642500029411
24,1024,C0-M2 Scaled Additive,M2,C0,0.8954166666666666,3.3241313579275884,0.974,0.858,1.2684320119529173,0.11599999999999999,0.004583333333333384,3.7315679880470825,4.268481828473346,0.7925,2.998320892558447,2.98822572873457,3.790361173268263,0.9511669472522553,1.328378265699719,2.816218862294452,1.1598024899082633,3.223857836400764,10.713167219942843,13.201537867983811,0.0,0.3228044428825745,0.33343471453176116,0.5416666666666666,0.201530322432518,0.1781216859817505,11.042267700016964
24,1024,C1-M2 Scaled Additive (block),M2,C1,1.0,18.156897079841936,1.0,1.0,1.3856155209896885,0.0,0.09999999999999998,3.6143844790103117,18.156897079841936,1.0,15.56010826664814,15.657388777159465,21.695120907801915,0.9511669472522553,1.328378265699719,2.816218862294452,1.1598024899082633,3.223857836400764,10.713167219942843,13.201537867983811,0.0,0.3228044428825745,0.33343471453176116,0.5416666666666666,0.201530322432518,0.1781216859817505,11.042896700033452
24,1024,C0-M3 Replacement,M3,C0,0.9066666666666666,4.451065954675872,0.924,0.94,1.4132551350153852,0.015999999999999903,0.006666666666666599,3.586744864984615,5.1258076150673455,0.78,3.7695831754478477,3.8018048269829805,5.372920194059976,0.9511669472522553,1.328378265699719,2.816218862294452,1.1598024899082633,3.223857836400764,10.713167219942843,13.201537867983811,0.0,0.3228044428825745,0.33343471453176116,0.5416666666666666,0.201530322432518,0.1781216859817505,11.043606600025669
24,1024,C1-M3 Replacement (block),M3,C1,1.0,20.865180806889736,1.0,1.0,1.4132551350153852,0.0,0.09999999999999998,3.586744864984615,20.865180806889736,1.0,17.67060639479031,17.821651243827173,25.18654013479208,0.9511669472522553,1.328378265699719,2.816218862294452,1.1598024899082633,3.223857836400764,10.713167219942843,13.201537867983811,0.0,0.3228044428825745,0.33343471453176116,0.5416666666666666,0.201530322432518,0.1781216859817505,11.044231600011699
24,1024,Oracle Additive (C0),OA,C0,0.8954166666666666,2.6163773826471917,0.948,0.851,2.1554444099957837,0.09699999999999998,0.004583333333333384,2.8445555900042163,3.4394069519265003,0.875,2.6120145591838355,1.6588788184947676,3.575621076184957,0.9511669472522553,1.328378265699719,2.816218862294452,1.1598024899082633,3.223857836400764,10.713167219942843,13.201537867983811,0.0,0.3228044428825745,0.33343471453176116,0.5416666666666666,0.201530322432518,0.1781216859817505,11.044827900012024
24,1024,Oracle Replacement (C0),OR,C0,0.8920833333333333,3.8686294036809166,0.774,0.992,4.999999999999997,0.21799999999999997,0.007916666666666683,2.6645352591003757e-15,4.150078321000662,0.9375,3.8686294036809166,1.2895431345603057,6.447715672801525,0.9511669472522553,1.328378265699719,2.816218862294452,1.1598024899082633,3.223857836400764,10.713167219942843,13.201537867983811,0.0,0.3228044428825745,0.33343471453176116,0.5416666666666666,0.201530322432518,0.1781216859817505,11.045461500005331
25,1025,M0 Raw Quantile,M0,none,0.42541666666666667,0.6797127103153616,0.699,0.151,0.9769249192924732,0.5479999999999999,0.47458333333333336,4.023075080707526,9.32386052865894,0.4275,0.6803951162379235,0.6875083848647773,0.6716440733969211,1.3480614339176369,1.691538224645334,2.4690191704855025,1.4908742728103923,2.2082555520097604,7.142034186186444,8.013452112375878,0.0,0.3243690660230866,0.32555342733430226,0.45,0.25572916865348816,0.24313025176525116,11.985812600003555
25,1025,M1 Standard CQR,M1,C0,0.89125,3.3758355781506357,1.0,0.744,0.9953114537953281,0.256,0.008750000000000036,4.0046885462046715,4.812617276997693,0.9875,3.376517984073197,3.38363125270005,3.367766941232194,1.3480614339176369,1.691538224645334,2.4690191704855025,1.4908742728103923,2.2082555520097604,7.142034186186444,8.013452112375878,0.0,0.3243690660230866,0.32555342733430226,0.45,0.25572916865348816,0.24313025176525116,11.986428299976978
25,1025,C0-M2 Scaled Additive,M2,C0,0.8870833333333333,3.300789847279521,0.995,0.79,1.3070795678774418,0.20499999999999996,0.012916666666666687,3.692920432122558,4.458895781051588,0.86,2.920727563782411,2.9273392656202724,3.8262653423376136,1.3480614339176369,1.691538224645334,2.4690191704855025,1.4908742728103923,2.2082555520097604,7.142034186186444,8.013452112375878,0.0,0.3243690660230866,0.32555342733430226,0.45,0.25572916865348816,0.24313025176525116,11.987068599963095
25,1025,C1-M2 Scaled Additive (block),M2,C1,0.9991666666666666,11.746457903587428,1.0,0.998,1.3791765026327722,0.0020000000000000018,0.09916666666666663,3.620823497367228,11.74994497734338,1.0,10.139555243784152,10.144550790741198,13.99112608035497,1.3480614339176369,1.691538224645334,2.4690191704855025,1.4908742728103923,2.2082555520097604,7.142034186186444,8.013452112375878,0.0,0.3243690660230866,0.32555342733430226,0.45,0.25572916865348816,0.24313025176525116,11.98769809998339
25,1025,C0-M3 Replacement,M3,C0,0.8966666666666666,3.8258016308455853,0.968,0.86,1.4084194016811835,0.10799999999999998,0.0033333333333334103,3.5915805983188163,4.65019705484312,0.81,3.2700554327749956,3.2693233310706074,4.6045784098487985,1.3480614339176369,1.691538224645334,2.4690191704855025,1.4908742728103923,2.2082555520097604,7.142034186186444,8.013452112375878,0.0,0.3243690660230866,0.32555342733430226,0.45,0.25572916865348816,0.24313025176525116,11.988306899962481
25,1025,C1-M3 Replacement (block),M3,C1,0.99875,12.41702718501053,1.0,0.998,1.4084194016811835,0.0020000000000000018,0.09875,3.5915805983188163,12.421236417129968,0.9975,10.613296538399993,10.610920428072607,14.944626200592669,1.3480614339176369,1.691538224645334,2.4690191704855025,1.4908742728103923,2.2082555520097604,7.142034186186444,8.013452112375878,0.0,0.3243690660230866,0.32555342733430226,0.45,0.25572916865348816,0.24313025176525116,11.98893989995122
25,1025,Oracle Additive (C0),OA,C0,0.89625,2.4687618376878326,0.982,0.791,2.8456358503506034,0.19099999999999995,0.003750000000000031,2.1543641496493966,3.660821114700769,0.945,2.4694442436103943,1.2838580939889341,3.6533926190177053,1.3480614339176369,1.691538224645334,2.4690191704855025,1.4908742728103923,2.2082555520097604,7.142034186186444,8.013452112375878,0.0,0.3243690660230866,0.32555342733430226,0.45,0.25572916865348816,0.24313025176525116,11.98960219998844
25,1025,Oracle Replacement (C0),OR,C0,0.8625,2.6499066624117122,0.834,0.861,5.000000000000003,0.027000000000000024,0.03749999999999998,2.6645352591003757e-15,3.416554261738895,0.9375,2.6499066624117127,0.8833022208039037,4.416511104019521,1.3480614339176369,1.691538224645334,2.4690191704855025,1.4908742728103923,2.2082555520097604,7.142034186186444,8.013452112375878,0.0,0.3243690660230866,0.32555342733430226,0.45,0.25572916865348816,0.24313025176525116,11.990227099973708
26,1026,M0 Raw Quantile,M0,none,0.5545833333333333,0.8262922921062757,0.909,0.211,0.7852729192160115,0.6980000000000001,0.3454166666666667,4.214727080783988,7.997286244141472,0.5275,0.8423878710903228,0.9220698610842228,0.7240764915347099,1.3946780057531203,1.489194179267792,2.3675147099563865,1.4176767300810393,2.139514291080936,6.679652727561901,8.842189710407101,0.0,0.32744390705565524,0.34996841908615667,0.5529166666666666,0.22897084057331085,0.23589880764484406,11.713797900010832
26,1026,M1 Standard CQR,M1,C0,0.9066666666666666,3.615648303612517,1.0,0.785,0.9466530179110596,0.21499999999999997,0.006666666666666599,4.05334698208894,4.634626252172696,0.9775,3.6317438825965644,3.7114258725904645,3.513432503040951,1.3946780057531203,1.489194179267792,2.3675147099563865,1.4176767300810393,2.139514291080936,6.679652727561901,8.842189710407101,0.0,0.32744390705565524,0.34996841908615667,0.5529166666666666,0.22897084057331085,0.23589880764484406,11.714551599987317
26,1026,C0-M2 Scaled Additive,M2,C0,0.8954166666666666,3.0802336656024036,1.0,0.78,1.203776544692147,0.21999999999999997,0.004583333333333384,3.796223455307853,4.203759614390422,0.9225,2.7175441724110323,2.861244323372268,3.4442988051090886,1.3946780057531203,1.489194179267792,2.3675147099563865,1.4176767300810393,2.139514291080936,6.679652727561901,8.842189710407101,0.0,0.32744390705565524,0.34996841908615667,0.5529166666666666,0.22897084057331085,0.23589880764484406,11.715238200034946
26,1026,C1-M2 Scaled Additive (block),M2,C1,1.0,10.936152948854579,1.0,1.0,1.3435868524794556,0.0,0.09999999999999998,3.6564131475205444,10.936152948854579,1.0,9.253240583985196,9.620070542640386,12.925400301016525,1.3946780057531203,1.489194179267792,2.3675147099563865,1.4176767300810393,2.139514291080936,6.679652727561901,8.842189710407101,0.0,0.32744390705565524,0.34996841908615667,0.5529166666666666,0.22897084057331085,0.23589880764484406,11.71593450004002
26,1026,C0-M3 Replacement,M3,C0,0.90375,3.5833066173782058,0.99,0.851,1.4027733793300727,0.139,0.003750000000000031,3.597226620669927,4.402147121669346,0.82,2.981115685683774,3.0828914916226915,4.324598115811492,1.3946780057531203,1.489194179267792,2.3675147099563865,1.4176767300810393,2.139514291080936,6.679652727561901,8.842189710407101,0.0,0.32744390705565524,0.34996841908615667,0.5529166666666666,0.22897084057331085,0.23589880764484406,11.716705500031821
26,1026,C1-M3 Replacement (block),M3,C1,1.0,13.38292715486398,1.0,1.0,1.402773379330073,0.0,0.09999999999999998,3.597226620669927,13.38292715486398,1.0,11.133865538673618,11.513977636924558,16.15150131927955,1.3946780057531203,1.489194179267792,2.3675147099563865,1.4176767300810393,2.139514291080936,6.679652727561901,8.842189710407101,0.0,0.32744390705565524,0.34996841908615667,0.5529166666666666,0.22897084057331085,0.23589880764484406,11.717392200022005
26,1026,Oracle Additive (C0),OA,C0,0.9045833333333333,2.5275043682035228,0.994,0.793,2.3902578868376256,0.20099999999999996,0.004583333333333273,2.6097421131623744,3.5220556013817075,0.96,2.54359994718757,1.4891405531166388,3.55942995169679,1.3946780057531203,1.489194179267792,2.3675147099563865,1.4176767300810393,2.139514291080936,6.679652727561901,8.842189710407101,0.0,0.32744390705565524,0.34996841908615667,0.5529166666666666,0.22897084057331085,0.23589880764484406,11.718065900029615
26,1026,Oracle Replacement (C0),OR,C0,0.9079166666666667,2.567417149297123,0.909,0.886,4.999999999999997,0.02300000000000002,0.007916666666666683,2.6645352591003757e-15,3.107787995632525,0.96,2.567417149297123,0.8558057164323748,4.279028582161872,1.3946780057531203,1.489194179267792,2.3675147099563865,1.4176767300810393,2.139514291080936,6.679652727561901,8.842189710407101,0.0,0.32744390705565524,0.34996841908615667,0.5529166666666666,0.22897084057331085,0.23589880764484406,11.718756199989002
27,1027,M0 Raw Quantile,M0,none,0.6133333333333333,1.1861340462540586,0.937,0.272,0.9230665248577203,0.665,0.28666666666666674,4.07693347514228,7.647067569187499,0.6575,1.187884046062827,1.233222076267004,1.138346016317606,1.1634305294295455,1.3498559570544264,2.4903546100647165,1.1850171520949893,2.4086842558125445,6.857907921099218,11.075139009719896,0.0,0.3211199334300676,0.27035359474210713,0.615,0.22426243126392365,0.2170732468366623,10.907541799999308
27,1027,M1 Standard CQR,M1,C0,0.895,3.5129951051131503,1.0,0.757,0.9733500437073253,0.243,0.0050000000000000044,4.026649956292674,4.866508372110275,0.9775,3.5147451049219183,3.5600831351260966,3.4652070751766977,1.1634305294295455,1.3498559570544264,2.4903546100647165,1.1850171520949893,2.4086842558125445,6.857907921099218,11.075139009719896,0.0,0.3211199334300676,0.27035359474210713,0.615,0.22426243126392365,0.2170732468366623,10.908103299967479
27,1027,C0-M2 Scaled Additive,M2,C0,0.89875,3.2821599955634566,1.0,0.791,1.2103012080306654,0.20899999999999996,0.0012499999999999734,3.7896987919693346,4.397119836669976,0.915,2.9712802855392932,3.0261359179620833,3.6625359571744958,1.1634305294295455,1.3498559570544264,2.4903546100647165,1.1850171520949893,2.4086842558125445,6.857907921099218,11.075139009719896,0.0,0.3211199334300676,0.27035359474210713,0.615,0.22426243126392365,0.2170732468366623,10.908685299975332
27,1027,C1-M2 Scaled Additive (block),M2,C1,1.0,11.83493911725235,1.0,1.0,1.3500606410062004,0.0,0.09999999999999998,3.6499393589938,11.83493911725235,1.0,10.248382044569702,10.342074004171893,13.962427059405869,1.1634305294295455,1.3498559570544264,2.4903546100647165,1.1850171520949893,2.4086842558125445,6.857907921099218,11.075139009719896,0.0,0.3211199334300676,0.27035359474210713,0.615,0.22426243126392365,0.2170732468366623,10.909236999985296
27,1027,C0-M3 Replacement,M3,C0,0.9025,3.866966588841351,0.965,0.879,1.4078701843644865,0.08599999999999997,0.0024999999999999467,3.5921298156355137,4.744738392064496,0.805,3.290194796964713,3.307753859054275,4.656888035379084,1.1634305294295455,1.3498559570544264,2.4903546100647165,1.1850171520949893,2.4086842558125445,6.857907921099218,11.075139009719896,0.0,0.3211199334300676,0.27035359474210713,0.615,0.22426243126392365,0.2170732468366623,10.909782000002451
27,1027,C1-M3 Replacement (block),M3,C1,1.0,17.197226589448395,1.0,1.0,1.4078701843644865,0.0,0.09999999999999998,3.5921298156355137,17.197226589448395,1.0,14.632199204953539,14.710288105520656,20.71017602717408,1.1634305294295455,1.3498559570544264,2.4903546100647165,1.1850171520949893,2.4086842558125445,6.857907921099218,11.075139009719896,0.0,0.3211199334300676,0.27035359474210713,0.615,0.22426243126392365,0.2170732468366623,10.910323499992955
27,1027,Oracle Additive (C0),OA,C0,0.8929166666666667,2.6081546287680455,0.997,0.763,2.055014558537681,0.23399999999999999,0.00708333333333333,2.944985441462319,3.9402841407188514,0.9575,2.6099046285768144,1.7072289371049996,3.5083803205075847,1.1634305294295455,1.3498559570544264,2.4903546100647165,1.1850171520949893,2.4086842558125445,6.857907921099218,11.075139009719896,0.0,0.3211199334300676,0.27035359474210713,0.615,0.22426243126392365,0.2170732468366623,10.910891399951652
27,1027,Oracle Replacement (C0),OR,C0,0.8920833333333333,2.8904211069750536,0.849,0.91,5.0,0.061000000000000054,0.007916666666666683,0.0,3.462761812380085,0.955,2.890421106975053,0.963473702325018,4.81736851162509,1.1634305294295455,1.3498559570544264,2.4903546100647165,1.1850171520949893,2.4086842558125445,6.857907921099218,11.075139009719896,0.0,0.3211199334300676,0.27035359474210713,0.615,0.22426243126392365,0.2170732468366623,10.911427299957722
28,1028,M0 Raw Quantile,M0,none,0.21666666666666667,0.6086898208541485,0.227,0.175,1.1208264393919796,0.05200000000000002,0.6833333333333333,3.87917356060802,10.636263549117402,0.295,0.599579174220562,0.5757302331216634,0.6452936672400683,1.6140022664262461,2.1392049830745403,3.1184708206177323,2.1414653224419586,3.1515501700164057,8.209698770924483,10.15793095570118,0.0,0.3506964544693617,0.3244039243351767,0.19458333333333333,0.2941897213459015,0.2948419153690338,10.439741100009996
28,1028,M1 Standard CQR,M1,C0,0.91625,3.8366943537066405,1.0,0.813,1.0182881926312728,0.18700000000000006,0.016249999999999987,3.981711807368727,4.7826439322582095,0.965,3.8275837070730545,3.8037347659741565,3.8732982000925613,1.6140022664262461,2.1392049830745403,3.1184708206177323,2.1414653224419586,3.1515501700164057,8.209698770924483,10.15793095570118,0.0,0.3506964544693617,0.3244039243351767,0.19458333333333333,0.2941897213459015,0.2948419153690338,10.440335599996615
28,1028,C0-M2 Scaled Additive,M2,C0,0.90375,3.945276557890054,0.96,0.887,1.3966532553559072,0.07299999999999995,0.003750000000000031,3.6033467446440928,4.733705821491067,0.805,3.410850242017122,3.3815169649669556,4.722806677162326,1.6140022664262461,2.1392049830745403,3.1184708206177323,2.1414653224419586,3.1515501700164057,8.209698770924483,10.15793095570118,0.0,0.3506964544693617,0.3244039243351767,0.19458333333333333,0.2941897213459015,0.2948419153690338,10.440879600006156
28,1028,C1-M2 Scaled Additive (block),M2,C1,1.0,13.413620741853281,1.0,1.0,1.436379410646272,0.0,0.09999999999999998,3.563620589353728,13.413620741853281,1.0,11.388488517940413,11.343592156666872,16.293702216604835,1.6140022664262461,2.1392049830745403,3.1184708206177323,2.1414653224419586,3.1515501700164057,8.209698770924483,10.15793095570118,0.0,0.3506964544693617,0.3244039243351767,0.19458333333333333,0.2941897213459015,0.2948419153690338,10.441417399968486
28,1028,C0-M3 Replacement,M3,C0,0.8970833333333333,4.863979124128676,0.915,0.931,1.4532512267033872,0.016000000000000014,0.0029166666666666785,3.5467487732966125,5.551811626282376,0.7675,4.098189216617465,4.090194311140985,5.944079900120853,1.6140022664262461,2.1392049830745403,3.1184708206177323,2.1414653224419586,3.1515501700164057,8.209698770924483,10.15793095570118,0.0,0.3506964544693617,0.3244039243351767,0.19458333333333333,0.2941897213459015,0.2948419153690338,10.441983999975491
28,1028,C1-M3 Replacement (block),M3,C1,1.0,15.843651249263209,1.0,1.0,1.4532512267033866,0.0,0.09999999999999998,3.5467487732966134,15.843651249263209,1.0,13.34921039843274,13.32316824428126,19.361910594577346,1.6140022664262461,2.1392049830745403,3.1184708206177323,2.1414653224419586,3.1515501700164057,8.209698770924483,10.15793095570118,0.0,0.3506964544693617,0.3244039243351767,0.19458333333333333,0.2941897213459015,0.2948419153690338,10.4425210999907
28,1028,Oracle Additive (C0),OA,C0,0.92,3.178448207784499,0.911,0.924,3.4407372857933303,0.013000000000000012,0.020000000000000018,1.5592627142066697,3.6506817477286018,0.9325,3.1693375611509125,1.4323163620984467,4.928224312123986,1.6140022664262461,2.1392049830745403,3.1184708206177323,2.1414653224419586,3.1515501700164057,8.209698770924483,10.15793095570118,0.0,0.3506964544693617,0.3244039243351767,0.19458333333333333,0.2941897213459015,0.2948419153690338,10.443051999958698
28,1028,Oracle Replacement (C0),OR,C0,0.9008333333333334,3.781860204019687,0.811,0.976,4.9999999999999964,0.16499999999999992,0.0008333333333333526,3.552713678800501e-15,4.0767691216058495,0.9375,3.781860204019687,1.2606200680065631,6.303100340032811,1.6140022664262461,2.1392049830745403,3.1184708206177323,2.1414653224419586,3.1515501700164057,8.209698770924483,10.15793095570118,0.0,0.3506964544693617,0.3244039243351767,0.19458333333333333,0.2941897213459015,0.2948419153690338,10.443582199979573
29,1029,M0 Raw Quantile,M0,none,0.7020833333333333,1.7306780700633924,0.988,0.369,0.8632045826119574,0.619,0.19791666666666674,4.136795417388043,7.1400897122072715,0.82,1.7399767383933067,1.8557471922636033,1.6018894805312156,1.1674093201756672,1.1936528774741082,2.6864854968600094,1.1674093201756672,2.940033790526839,6.245946881823695,9.26597806616181,0.0,0.3310595975033758,0.27059592512847824,0.7070833333333333,0.2202022522687912,0.21258728206157684,9.280680699972436
29,1029,M1 Standard CQR,M1,C0,0.9025,4.065496710414728,1.0,0.769,0.9394216146763219,0.23099999999999998,0.0024999999999999467,4.060578385323678,5.273462714405215,0.9925,4.074795378744643,4.190565832614939,3.9367081208825514,1.1674093201756672,1.1936528774741082,2.6864854968600094,1.1674093201756672,2.940033790526839,6.245946881823695,9.26597806616181,0.0,0.3310595975033758,0.27059592512847824,0.7070833333333333,0.2202022522687912,0.21258728206157684,9.280886799970176
29,1029,C0-M2 Scaled Additive,M2,C0,0.9054166666666666,3.609449705406435,1.0,0.782,1.120272047578046,0.21799999999999997,0.005416666666666625,3.8797279524219537,4.676580748488515,0.9775,3.342016436060442,3.455156958240099,3.870715760311169,1.1674093201756672,1.1936528774741082,2.6864854968600094,1.1674093201756672,2.940033790526839,6.245946881823695,9.26597806616181,0.0,0.3310595975033758,0.27059592512847824,0.7070833333333333,0.2202022522687912,0.21258728206157684,9.281098800012842
29,1029,C1-M2 Scaled Additive (block),M2,C1,1.0,11.561599654453595,1.0,1.0,1.3177500225417251,0.0,0.09999999999999998,3.682249977458275,11.561599654453595,1.0,10.122861782306645,10.224870770048426,13.47382368771754,1.1674093201756672,1.1936528774741082,2.6864854968600094,1.1674093201756672,2.940033790526839,6.245946881823695,9.26597806616181,0.0,0.3310595975033758,0.27059592512847824,0.7070833333333333,0.2202022522687912,0.21258728206157684,9.281285499979276
29,1029,C0-M3 Replacement,M3,C0,0.9054166666666666,4.228442661606643,0.943,0.894,1.4185397188660747,0.04899999999999993,0.005416666666666625,3.5814602811339253,5.001514922608958,0.84,3.605618094168344,3.5996990590133433,5.106316091175262,1.1674093201756672,1.1936528774741082,2.6864854968600094,1.1674093201756672,2.940033790526839,6.245946881823695,9.26597806616181,0.0,0.3310595975033758,0.27059592512847824,0.7070833333333333,0.2202022522687912,0.21258728206157684,9.281469299981836
29,1029,C1-M3 Replacement (block),M3,C1,1.0,14.584354541375621,1.0,1.0,1.418539718866075,0.0,0.09999999999999998,3.581460281133925,14.584354541375621,1.0,12.436165471419617,12.4157500811325,17.612234629601147,1.1674093201756672,1.1936528774741082,2.6864854968600094,1.1674093201756672,2.940033790526839,6.245946881823695,9.26597806616181,0.0,0.3310595975033758,0.27059592512847824,0.7070833333333333,0.2202022522687912,0.21258728206157684,9.28165469999658
29,1029,Oracle Additive (C0),OA,C0,0.90125,3.1315692542741935,0.999,0.769,1.69487648523936,0.22999999999999998,0.0012499999999999734,3.30512351476064,4.342249155521495,0.9875,3.140867922604108,2.3227109203338716,3.9367081208825514,1.1674093201756672,1.1936528774741082,2.6864854968600094,1.1674093201756672,2.940033790526839,6.245946881823695,9.26597806616181,0.0,0.3310595975033758,0.27059592512847824,0.7070833333333333,0.2202022522687912,0.21258728206157684,9.281838599999901
29,1029,Oracle Replacement (C0),OR,C0,0.9058333333333334,3.528040548632208,0.828,0.958,5.0,0.13,0.005833333333333357,0.0,3.8626382889452953,0.97,3.5280405486322075,1.176013516210736,5.880067581053679,1.1674093201756672,1.1936528774741082,2.6864854968600094,1.1674093201756672,2.940033790526839,6.245946881823695,9.26597806616181,0.0,0.3310595975033758,0.27059592512847824,0.7070833333333333,0.2202022522687912,0.21258728206157684,9.282025200023782
